This is XeTeX, Version 3.141592653-2.6-0.999995 (MiKTeX 24.1) (preloaded format=xelatex 2024.11.21)  9 APR 2025 09:23
entering extended mode
 restricted \write18 enabled.
 %&-line parsing enabled.
**./main.tex
(main.tex
LaTeX2e <2023-11-01> patch level 1
L3 programming layer <2024-01-04>
(tex/tehran-thesis.cls

LaTeX Warning: You have requested document class `./tex/tehran-thesis',
               but the document class provides `tehran-thesis'.

Document Class: tehran-thesis 05/09/2017 v0.1 Persian thesis document class in 
XeLaTeX for University of Tehran projects/theses/dissertations
(C:\Users\uyfuyf\AppData\Local\Programs\MiKTeX\tex/latex/base\book.cls
Document Class: book 2023/05/17 v1.4n Standard LaTeX document class
(C:\Users\uyfuyf\AppData\Local\Programs\MiKTeX\tex/latex/base\bk12.clo
File: bk12.clo 2023/05/17 v1.4n Standard LaTeX file (size option)
)
\c@part=\count183
\c@chapter=\count184
\c@section=\count185
\c@subsection=\count186
\c@subsubsection=\count187
\c@paragraph=\count188
\c@subparagraph=\count189
\c@figure=\count190
\c@table=\count191
\abovecaptionskip=\skip48
\belowcaptionskip=\skip49
\bibindent=\dimen140
))
(tex/commands.tex
(C:\Users\uyfuyf\AppData\Local\Programs\MiKTeX\tex/latex/amscls\amsthm.sty
Package: amsthm 2020/05/29 v2.20.6
\thm@style=\toks17
\thm@bodyfont=\toks18
\thm@headfont=\toks19
\thm@notefont=\toks20
\thm@headpunct=\toks21
\thm@preskip=\skip50
\thm@postskip=\skip51
\thm@headsep=\skip52
\dth@everypar=\toks22
)
(C:\Users\uyfuyf\AppData\Local\Programs\MiKTeX\tex/latex/amsfonts\amssymb.sty
Package: amssymb 2013/01/14 v3.01 AMS font symbols

(C:\Users\uyfuyf\AppData\Local\Programs\MiKTeX\tex/latex/amsfonts\amsfonts.sty
Package: amsfonts 2013/01/14 v3.01 Basic AMSFonts support
\@emptytoks=\toks23
\symAMSa=\mathgroup4
\symAMSb=\mathgroup5
LaTeX Font Info:    Redeclaring math symbol \hbar on input line 98.
LaTeX Font Info:    Overwriting math alphabet `\mathfrak' in version `bold'
(Font)                  U/euf/m/n --> U/euf/b/n on input line 106.
)) (C:\Users\uyfuyf\AppData\Local\Programs\MiKTeX\tex/latex/amsmath\amsmath.sty
Package: amsmath 2023/05/13 v2.17o AMS math features
\@mathmargin=\skip53

For additional information on amsmath, use the `?' option.
(C:\Users\uyfuyf\AppData\Local\Programs\MiKTeX\tex/latex/amsmath\amstext.sty
Package: amstext 2021/08/26 v2.01 AMS text

(C:\Users\uyfuyf\AppData\Local\Programs\MiKTeX\tex/latex/amsmath\amsgen.sty
File: amsgen.sty 1999/11/30 v2.0 generic functions
\@emptytoks=\toks24
\ex@=\dimen141
))
(C:\Users\uyfuyf\AppData\Local\Programs\MiKTeX\tex/latex/amsmath\amsbsy.sty
Package: amsbsy 1999/11/29 v1.2d Bold Symbols
\pmbraise@=\dimen142
)
(C:\Users\uyfuyf\AppData\Local\Programs\MiKTeX\tex/latex/amsmath\amsopn.sty
Package: amsopn 2022/04/08 v2.04 operator names
)
\inf@bad=\count192
LaTeX Info: Redefining \frac on input line 234.
\uproot@=\count193
\leftroot@=\count194
LaTeX Info: Redefining \overline on input line 399.
LaTeX Info: Redefining \colon on input line 410.
\classnum@=\count195
\DOTSCASE@=\count196
LaTeX Info: Redefining \ldots on input line 496.
LaTeX Info: Redefining \dots on input line 499.
LaTeX Info: Redefining \cdots on input line 620.
\Mathstrutbox@=\box51
\strutbox@=\box52
LaTeX Info: Redefining \big on input line 722.
LaTeX Info: Redefining \Big on input line 723.
LaTeX Info: Redefining \bigg on input line 724.
LaTeX Info: Redefining \Bigg on input line 725.
\big@size=\dimen143
LaTeX Font Info:    Redeclaring font encoding OML on input line 743.
LaTeX Font Info:    Redeclaring font encoding OMS on input line 744.
\macc@depth=\count197
LaTeX Info: Redefining \bmod on input line 905.
LaTeX Info: Redefining \pmod on input line 910.
LaTeX Info: Redefining \smash on input line 940.
LaTeX Info: Redefining \relbar on input line 970.
LaTeX Info: Redefining \Relbar on input line 971.
\c@MaxMatrixCols=\count198
\dotsspace@=\muskip16
\c@parentequation=\count199
\dspbrk@lvl=\count266
\tag@help=\toks25
\row@=\count267
\column@=\count268
\maxfields@=\count269
\andhelp@=\toks26
\eqnshift@=\dimen144
\alignsep@=\dimen145
\tagshift@=\dimen146
\tagwidth@=\dimen147
\totwidth@=\dimen148
\lineht@=\dimen149
\@envbody=\toks27
\multlinegap=\skip54
\multlinetaggap=\skip55
\mathdisplay@stack=\toks28
LaTeX Info: Redefining \[ on input line 2953.
LaTeX Info: Redefining \] on input line 2954.
)
(C:\Users\uyfuyf\AppData\Local\Programs\MiKTeX\tex/latex/base\inputenc.sty
Package: inputenc 2021/02/14 v1.3d Input encoding file
\inpenc@prehook=\toks29
\inpenc@posthook=\toks30


Package inputenc Warning: inputenc package ignored with utf8 based engines.

)
(C:\Users\uyfuyf\AppData\Local\Programs\MiKTeX\tex/latex/graphics\graphicx.sty
Package: graphicx 2021/09/16 v1.2d Enhanced LaTeX Graphics (DPC,SPQR)

(C:\Users\uyfuyf\AppData\Local\Programs\MiKTeX\tex/latex/graphics\keyval.sty
Package: keyval 2022/05/29 v1.15 key=value parser (DPC)
\KV@toks@=\toks31
)
(C:\Users\uyfuyf\AppData\Local\Programs\MiKTeX\tex/latex/graphics\graphics.sty
Package: graphics 2022/03/10 v1.4e Standard LaTeX Graphics (DPC,SPQR)

(C:\Users\uyfuyf\AppData\Local\Programs\MiKTeX\tex/latex/graphics\trig.sty
Package: trig 2021/08/11 v1.11 sin cos tan (DPC)
)
(C:\Users\uyfuyf\AppData\Local\Programs\MiKTeX\tex/latex/graphics-cfg\graphics.
cfg
File: graphics.cfg 2016/06/04 v1.11 sample graphics configuration
)
Package graphics Info: Driver file: xetex.def on input line 107.

(C:\Users\uyfuyf\AppData\Local\Programs\MiKTeX\tex/latex/graphics-def\xetex.def
File: xetex.def 2022/09/22 v5.0n Graphics/color driver for xetex
))
\Gin@req@height=\dimen150
\Gin@req@width=\dimen151
) (C:\Users\uyfuyf\AppData\Local\Programs\MiKTeX\tex/latex/tools\array.sty
Package: array 2023/10/16 v2.5g Tabular extension package (FMi)
\col@sep=\dimen152
\ar@mcellbox=\box53
\extrarowheight=\dimen153
\NC@list=\toks32
\extratabsurround=\skip56
\backup@length=\skip57
\ar@cellbox=\box54
)
(C:\Users\uyfuyf\AppData\Local\Programs\MiKTeX\tex/latex/multirow\multirow.sty
Package: multirow 2024/11/12 v2.9 Span multiple rows of a table
\multirow@colwidth=\skip58
\multirow@cntb=\count270
\multirow@dima=\skip59
\bigstrutjot=\dimen154
) (C:\Users\uyfuyf\AppData\Local\Programs\MiKTeX\tex/latex/float\float.sty
Package: float 2001/11/08 v1.3d Float enhancements (AL)
\c@float@type=\count271
\float@exts=\toks33
\float@box=\box55
\@float@everytoks=\toks34
\@floatcapt=\box56
)
(C:\Users\uyfuyf\AppData\Local\Programs\MiKTeX\tex/latex/geometry\geometry.sty
Package: geometry 2020/01/02 v5.9 Page Geometry

(C:\Users\uyfuyf\AppData\Local\Programs\MiKTeX\tex/generic/iftex\ifvtex.sty
Package: ifvtex 2019/10/25 v1.7 ifvtex legacy package. Use iftex instead.

(C:\Users\uyfuyf\AppData\Local\Programs\MiKTeX\tex/generic/iftex\iftex.sty
Package: iftex 2022/02/03 v1.0f TeX engine tests
))
\Gm@cnth=\count272
\Gm@cntv=\count273
\c@Gm@tempcnt=\count274
\Gm@bindingoffset=\dimen155
\Gm@wd@mp=\dimen156
\Gm@odd@mp=\dimen157
\Gm@even@mp=\dimen158
\Gm@layoutwidth=\dimen159
\Gm@layoutheight=\dimen160
\Gm@layouthoffset=\dimen161
\Gm@layoutvoffset=\dimen162
\Gm@dimlist=\toks35

(C:\Users\uyfuyf\AppData\Local\Programs\MiKTeX\tex/latex/geometry\geometry.cfg)
)

! LaTeX Error: Option clash for package graphicx.

See the LaTeX manual or LaTeX Companion for explanation.
Type  H <return>  for immediate help.
 ...                                              
                                                  
l.20 \graphicspath
                  {{./img/}}
The package graphicx has already been loaded with options:
  []
There has now been an attempt to load it with options
  [final]
Adding the global options:
  ,final
to your \documentclass declaration may fix this.
Try typing  <return>  to proceed.

(C:\Users\uyfuyf\AppData\Local\Programs\MiKTeX\tex/latex/listings\listings.sty
\lst@mode=\count275
\lst@gtempboxa=\box57
\lst@token=\toks36
\lst@length=\count276
\lst@currlwidth=\dimen163
\lst@column=\count277
\lst@pos=\count278
\lst@lostspace=\dimen164
\lst@width=\dimen165
\lst@newlines=\count279
\lst@lineno=\count280
\lst@maxwidth=\dimen166

(C:\Users\uyfuyf\AppData\Local\Programs\MiKTeX\tex/latex/listings\lstmisc.sty
File: lstmisc.sty 2023/02/27 1.9 (Carsten Heinz)
\c@lstnumber=\count281
\lst@skipnumbers=\count282
\lst@framebox=\box58
)
(C:\Users\uyfuyf\AppData\Local\Programs\MiKTeX\tex/latex/listings\listings.cfg
File: listings.cfg 2023/02/27 1.9 listings configuration
))
Package: listings 2023/02/27 1.9 (Carsten Heinz)
 (C:\Users\uyfuyf\AppData\Local\Programs\MiKTeX\tex/latex/xcolor\xcolor.sty
Package: xcolor 2023/11/15 v3.01 LaTeX color extensions (UK)

(C:\Users\uyfuyf\AppData\Local\Programs\MiKTeX\tex/latex/graphics-cfg\color.cfg
File: color.cfg 2016/01/02 v1.6 sample color configuration
)

Package xcolor Warning: Package option `usenames' is obsolete and ignored on in
put line 266.

Package xcolor Info: Driver file: xetex.def on input line 274.

(C:\Users\uyfuyf\AppData\Local\Programs\MiKTeX\tex/latex/graphics\mathcolor.ltx
)
Package xcolor Info: Model `cmy' substituted by `cmy0' on input line 1350.
Package xcolor Info: Model `RGB' extended on input line 1366.
Package xcolor Info: Model `HTML' substituted by `rgb' on input line 1368.
Package xcolor Info: Model `Hsb' substituted by `hsb' on input line 1369.
Package xcolor Info: Model `tHsb' substituted by `hsb' on input line 1370.
Package xcolor Info: Model `HSB' substituted by `hsb' on input line 1371.
Package xcolor Info: Model `Gray' substituted by `gray' on input line 1372.
Package xcolor Info: Model `wave' substituted by `hsb' on input line 1373.
)
(C:\Users\uyfuyf\AppData\Local\Programs\MiKTeX\tex/latex/graphics\dvipsnam.def
File: dvipsnam.def 2016/06/17 v3.0m Driver-dependent file (DPC,SPQR)
) (C:\Users\uyfuyf\AppData\Local\Programs\MiKTeX\tex/latex/xcolor\svgnam.def
File: svgnam.def 2023/11/15 v3.01 Predefined colors according to SVG 1.1 (UK)
)
(C:\Users\uyfuyf\AppData\Local\Programs\MiKTeX\tex/latex/colortbl\colortbl.sty
Package: colortbl 2024/07/06 v1.0i Color table columns (DPC)
\everycr=\toks37
\minrowclearance=\skip60
\rownum=\count283
) (C:\Users\uyfuyf\AppData\Local\Programs\MiKTeX\tex/latex/framed\framed.sty
Package: framed 2011/10/22 v 0.96: framed or shaded text with page breaks
\OuterFrameSep=\skip61
\fb@frw=\dimen167
\fb@frh=\dimen168
\FrameRule=\dimen169
\FrameSep=\dimen170
)
(C:\Users\uyfuyf\AppData\Local\Programs\MiKTeX\tex/latex/lastpage\lastpage.sty
Package: lastpage 2024/07/07 v2.1c lastpage: 2.09 or 2e? (HMM)

(C:\Users\uyfuyf\AppData\Local\Programs\MiKTeX\tex/latex/lastpage\lastpage2e.st
y
Package: lastpage2e 2024/07/07 v2.1c Decide which 2e lastpage version to use (H
MM)

(C:\Users\uyfuyf\AppData\Local\Programs\MiKTeX\tex/latex/lastpage\lastpagemoder
n.sty
Package: lastpagemodern 2024-07-07 v2.1c Refers to last page's name (HMM; JPG)
\c@lastpagecount=\count284
) 
))
(C:\Users\uyfuyf\AppData\Local\Programs\MiKTeX\tex/latex/caption\subcaption.sty
Package: subcaption 2023/07/28 v1.6b Sub-captions (AR)
(C:\Users\uyfuyf\AppData\Local\Programs\MiKTeX\tex/latex/caption\caption.sty
Package: caption 2023/08/05 v3.6o Customizing captions (AR)

(C:\Users\uyfuyf\AppData\Local\Programs\MiKTeX\tex/latex/caption\caption3.sty
Package: caption3 2023/07/31 v2.4d caption3 kernel (AR)
\caption@tempdima=\dimen171
\captionmargin=\dimen172
\caption@leftmargin=\dimen173
\caption@rightmargin=\dimen174
\caption@width=\dimen175
\caption@indent=\dimen176
\caption@parindent=\dimen177
\caption@hangindent=\dimen178
Package caption Info: Standard document class detected.
)
\c@caption@flags=\count285
\c@continuedfloat=\count286
Package caption Info: float package is loaded.
Package caption Info: listings package is loaded.
)
Package caption Info: New subtype `subfigure' on input line 238.
\c@subfigure=\count287
Package caption Info: New subtype `subtable' on input line 238.
\c@subtable=\count288
)
(C:\Users\uyfuyf\AppData\Local\Programs\MiKTeX\tex/latex/etoolbox\etoolbox.sty
Package: etoolbox 2020/10/05 v2.5k e-TeX tools for LaTeX (JAW)
\etb@tempcnta=\count289
) (C:\Users\uyfuyf\AppData\Local\Programs\MiKTeX\tex/latex/oberdiek\ifdraft.sty
Package: ifdraft 2016/05/16 v1.4 Detect class options draft and final (HO)
) (C:\Users\uyfuyf\AppData\Local\Programs\MiKTeX\tex/latex/hyperref\hyperref.st
y
Package: hyperref 2023-11-26 v7.01g Hypertext links for LaTeX

(C:\Users\uyfuyf\AppData\Local\Programs\MiKTeX\tex/generic/infwarerr\infwarerr.
sty
Package: infwarerr 2019/12/03 v1.5 Providing info/warning/error messages (HO)
)
(C:\Users\uyfuyf\AppData\Local\Programs\MiKTeX\tex/latex/kvsetkeys\kvsetkeys.st
y
Package: kvsetkeys 2022-10-05 v1.19 Key value parser (HO)
)
(C:\Users\uyfuyf\AppData\Local\Programs\MiKTeX\tex/generic/kvdefinekeys\kvdefin
ekeys.sty
Package: kvdefinekeys 2019-12-19 v1.6 Define keys (HO)
)
(C:\Users\uyfuyf\AppData\Local\Programs\MiKTeX\tex/generic/pdfescape\pdfescape.
sty
Package: pdfescape 2019/12/09 v1.15 Implements pdfTeX's escape features (HO)

(C:\Users\uyfuyf\AppData\Local\Programs\MiKTeX\tex/generic/ltxcmds\ltxcmds.sty
Package: ltxcmds 2023-12-04 v1.26 LaTeX kernel commands for general use (HO)
)
(C:\Users\uyfuyf\AppData\Local\Programs\MiKTeX\tex/generic/pdftexcmds\pdftexcmd
s.sty
Package: pdftexcmds 2020-06-27 v0.33 Utility functions of pdfTeX for LuaTeX (HO
)
Package pdftexcmds Info: \pdf@primitive is available.
Package pdftexcmds Info: \pdf@ifprimitive is available.
Package pdftexcmds Info: \pdfdraftmode not found.
))
(C:\Users\uyfuyf\AppData\Local\Programs\MiKTeX\tex/latex/hycolor\hycolor.sty
Package: hycolor 2020-01-27 v1.10 Color options for hyperref/bookmark (HO)
)
(C:\Users\uyfuyf\AppData\Local\Programs\MiKTeX\tex/latex/letltxmacro\letltxmacr
o.sty
Package: letltxmacro 2019/12/03 v1.6 Let assignment for LaTeX macros (HO)
)
(C:\Users\uyfuyf\AppData\Local\Programs\MiKTeX\tex/latex/auxhook\auxhook.sty
Package: auxhook 2019-12-17 v1.6 Hooks for auxiliary files (HO)
)
(C:\Users\uyfuyf\AppData\Local\Programs\MiKTeX\tex/latex/hyperref\nameref.sty
Package: nameref 2023-11-26 v2.56 Cross-referencing by name of section

(C:\Users\uyfuyf\AppData\Local\Programs\MiKTeX\tex/latex/refcount\refcount.sty
Package: refcount 2019/12/15 v3.6 Data extraction from label references (HO)
)
(C:\Users\uyfuyf\AppData\Local\Programs\MiKTeX\tex/generic/gettitlestring\getti
tlestring.sty
Package: gettitlestring 2019/12/15 v1.6 Cleanup title references (HO)

(C:\Users\uyfuyf\AppData\Local\Programs\MiKTeX\tex/latex/kvoptions\kvoptions.st
y
Package: kvoptions 2022-06-15 v3.15 Key value format for package options (HO)
))
\c@section@level=\count290
)
\@linkdim=\dimen179
\Hy@linkcounter=\count291
\Hy@pagecounter=\count292

(C:\Users\uyfuyf\AppData\Local\Programs\MiKTeX\tex/latex/hyperref\pd1enc.def
File: pd1enc.def 2023-11-26 v7.01g Hyperref: PDFDocEncoding definition (HO)
)
(C:\Users\uyfuyf\AppData\Local\Programs\MiKTeX\tex/generic/intcalc\intcalc.sty
Package: intcalc 2019/12/15 v1.3 Expandable calculations with integers (HO)
)
\Hy@SavedSpaceFactor=\count293
(C:\Users\uyfuyf\AppData\Local\Programs\MiKTeX\tex/latex/hyperref\puenc.def
File: puenc.def 2023-11-26 v7.01g Hyperref: PDF Unicode definition (HO)
)
Package hyperref Info: Hyper figures OFF on input line 4181.
Package hyperref Info: Link nesting OFF on input line 4186.
Package hyperref Info: Hyper index ON on input line 4189.
Package hyperref Info: Plain pages OFF on input line 4196.
Package hyperref Info: Backreferencing OFF on input line 4201.
Package hyperref Info: Implicit mode ON; LaTeX internals redefined.
Package hyperref Info: Bookmarks ON on input line 4448.
\c@Hy@tempcnt=\count294

(C:\Users\uyfuyf\AppData\Local\Programs\MiKTeX\tex/latex/url\url.sty
\Urlmuskip=\muskip17
Package: url 2013/09/16  ver 3.4  Verb mode for urls, etc.
)
LaTeX Info: Redefining \url on input line 4786.
\XeTeXLinkMargin=\dimen180

(C:\Users\uyfuyf\AppData\Local\Programs\MiKTeX\tex/generic/bitset\bitset.sty
Package: bitset 2019/12/09 v1.3 Handle bit-vector datatype (HO)

(C:\Users\uyfuyf\AppData\Local\Programs\MiKTeX\tex/generic/bigintcalc\bigintcal
c.sty
Package: bigintcalc 2019/12/15 v1.5 Expandable calculations on big integers (HO
)
))
\Fld@menulength=\count295
\Field@Width=\dimen181
\Fld@charsize=\dimen182
Package hyperref Info: Hyper figures OFF on input line 6065.
Package hyperref Info: Link nesting OFF on input line 6070.
Package hyperref Info: Hyper index ON on input line 6073.
Package hyperref Info: backreferencing OFF on input line 6080.
Package hyperref Info: Link coloring OFF on input line 6085.
Package hyperref Info: Link coloring with OCG OFF on input line 6090.
Package hyperref Info: PDF/A mode OFF on input line 6095.

(C:\Users\uyfuyf\AppData\Local\Programs\MiKTeX\tex/latex/base\atbegshi-ltx.sty
Package: atbegshi-ltx 2021/01/10 v1.0c Emulation of the original atbegshi
package with kernel methods
)
\Hy@abspage=\count296
\c@Item=\count297
\c@Hfootnote=\count298
)
Package hyperref Info: Driver (autodetected): hxetex.
 (C:\Users\uyfuyf\AppData\Local\Programs\MiKTeX\tex/latex/hyperref\hxetex.def
File: hxetex.def 2023-11-26 v7.01g Hyperref driver for XeTeX

(C:\Users\uyfuyf\AppData\Local\Programs\MiKTeX\tex/generic/stringenc\stringenc.
sty
Package: stringenc 2019/11/29 v1.12 Convert strings between diff. encodings (HO
)
)
\pdfm@box=\box59
\c@Hy@AnnotLevel=\count299
\HyField@AnnotCount=\count300
\Fld@listcount=\count301
\c@bookmark@seq@number=\count302

(C:\Users\uyfuyf\AppData\Local\Programs\MiKTeX\tex/latex/rerunfilecheck\rerunfi
lecheck.sty
Package: rerunfilecheck 2022-07-10 v1.10 Rerun checks for auxiliary files (HO)

(C:\Users\uyfuyf\AppData\Local\Programs\MiKTeX\tex/latex/base\atveryend-ltx.sty
Package: atveryend-ltx 2020/08/19 v1.0a Emulation of the original atveryend pac
kage
with kernel methods
)
(C:\Users\uyfuyf\AppData\Local\Programs\MiKTeX\tex/generic/uniquecounter\unique
counter.sty
Package: uniquecounter 2019/12/15 v1.4 Provide unlimited unique counter (HO)
)
Package uniquecounter Info: New unique counter `rerunfilecheck' on input line 2
85.
)
\Hy@SectionHShift=\skip62
)
(C:\Users\uyfuyf\AppData\Local\Programs\MiKTeX\tex/latex/todonotes\todonotes.st
y
Package: todonotes 2024/01/05 v1.1.7 Todonotes source and documentation.
Package: todonotes 2024/01/05
 (C:\Users\uyfuyf\AppData\Local\Programs\MiKTeX\tex/latex/base\ifthen.sty
Package: ifthen 2022/04/13 v1.1d Standard LaTeX ifthen package (DPC)
)
(C:\Users\uyfuyf\AppData\Local\Programs\MiKTeX\tex/latex/xkeyval\xkeyval.sty
Package: xkeyval 2022/06/16 v2.9 package option processing (HA)

(C:\Users\uyfuyf\AppData\Local\Programs\MiKTeX\tex/generic/xkeyval\xkeyval.tex
(C:\Users\uyfuyf\AppData\Local\Programs\MiKTeX\tex/generic/xkeyval\xkvutils.tex
\XKV@toks=\toks38
\XKV@tempa@toks=\toks39
)
\XKV@depth=\count303
File: xkeyval.tex 2014/12/03 v2.7a key=value parser (HA)
))
(C:\Users\uyfuyf\AppData\Local\Programs\MiKTeX\tex/latex/pgf/frontendlayer\tikz
.sty
(C:\Users\uyfuyf\AppData\Local\Programs\MiKTeX\tex/latex/pgf/basiclayer\pgf.sty

(C:\Users\uyfuyf\AppData\Local\Programs\MiKTeX\tex/latex/pgf/utilities\pgfrcs.s
ty
(C:\Users\uyfuyf\AppData\Local\Programs\MiKTeX\tex/generic/pgf/utilities\pgfuti
l-common.tex
\pgfutil@everybye=\toks40
\pgfutil@tempdima=\dimen183
\pgfutil@tempdimb=\dimen184
)
(C:\Users\uyfuyf\AppData\Local\Programs\MiKTeX\tex/generic/pgf/utilities\pgfuti
l-latex.def
\pgfutil@abb=\box60
)
(C:\Users\uyfuyf\AppData\Local\Programs\MiKTeX\tex/generic/pgf/utilities\pgfrcs
.code.tex
(C:\Users\uyfuyf\AppData\Local\Programs\MiKTeX\tex/generic/pgf\pgf.revision.tex
)
Package: pgfrcs 2023-01-15 v3.1.10 (3.1.10)
))
Package: pgf 2023-01-15 v3.1.10 (3.1.10)

(C:\Users\uyfuyf\AppData\Local\Programs\MiKTeX\tex/latex/pgf/basiclayer\pgfcore
.sty
(C:\Users\uyfuyf\AppData\Local\Programs\MiKTeX\tex/latex/pgf/systemlayer\pgfsys
.sty
(C:\Users\uyfuyf\AppData\Local\Programs\MiKTeX\tex/generic/pgf/systemlayer\pgfs
ys.code.tex
Package: pgfsys 2023-01-15 v3.1.10 (3.1.10)

(C:\Users\uyfuyf\AppData\Local\Programs\MiKTeX\tex/generic/pgf/utilities\pgfkey
s.code.tex
\pgfkeys@pathtoks=\toks41
\pgfkeys@temptoks=\toks42

(C:\Users\uyfuyf\AppData\Local\Programs\MiKTeX\tex/generic/pgf/utilities\pgfkey
slibraryfiltered.code.tex
\pgfkeys@tmptoks=\toks43
))
\pgf@x=\dimen185
\pgf@y=\dimen186
\pgf@xa=\dimen187
\pgf@ya=\dimen188
\pgf@xb=\dimen189
\pgf@yb=\dimen190
\pgf@xc=\dimen191
\pgf@yc=\dimen192
\pgf@xd=\dimen193
\pgf@yd=\dimen194
\w@pgf@writea=\write3
\r@pgf@reada=\read2
\c@pgf@counta=\count304
\c@pgf@countb=\count305
\c@pgf@countc=\count306
\c@pgf@countd=\count307
\t@pgf@toka=\toks44
\t@pgf@tokb=\toks45
\t@pgf@tokc=\toks46
\pgf@sys@id@count=\count308

(C:\Users\uyfuyf\AppData\Local\Programs\MiKTeX\tex/generic/pgf/systemlayer\pgf.
cfg
File: pgf.cfg 2023-01-15 v3.1.10 (3.1.10)
)
Driver file for pgf: pgfsys-xetex.def

(C:\Users\uyfuyf\AppData\Local\Programs\MiKTeX\tex/generic/pgf/systemlayer\pgfs
ys-xetex.def
File: pgfsys-xetex.def 2023-01-15 v3.1.10 (3.1.10)

(C:\Users\uyfuyf\AppData\Local\Programs\MiKTeX\tex/generic/pgf/systemlayer\pgfs
ys-dvipdfmx.def
File: pgfsys-dvipdfmx.def 2023-01-15 v3.1.10 (3.1.10)

(C:\Users\uyfuyf\AppData\Local\Programs\MiKTeX\tex/generic/pgf/systemlayer\pgfs
ys-common-pdf.def
File: pgfsys-common-pdf.def 2023-01-15 v3.1.10 (3.1.10)
)
\pgfsys@objnum=\count309
)))
(C:\Users\uyfuyf\AppData\Local\Programs\MiKTeX\tex/generic/pgf/systemlayer\pgfs
yssoftpath.code.tex
File: pgfsyssoftpath.code.tex 2023-01-15 v3.1.10 (3.1.10)
\pgfsyssoftpath@smallbuffer@items=\count310
\pgfsyssoftpath@bigbuffer@items=\count311
)
(C:\Users\uyfuyf\AppData\Local\Programs\MiKTeX\tex/generic/pgf/systemlayer\pgfs
ysprotocol.code.tex
File: pgfsysprotocol.code.tex 2023-01-15 v3.1.10 (3.1.10)
))
(C:\Users\uyfuyf\AppData\Local\Programs\MiKTeX\tex/generic/pgf/basiclayer\pgfco
re.code.tex
Package: pgfcore 2023-01-15 v3.1.10 (3.1.10)

(C:\Users\uyfuyf\AppData\Local\Programs\MiKTeX\tex/generic/pgf/math\pgfmath.cod
e.tex
(C:\Users\uyfuyf\AppData\Local\Programs\MiKTeX\tex/generic/pgf/math\pgfmathutil
.code.tex)
(C:\Users\uyfuyf\AppData\Local\Programs\MiKTeX\tex/generic/pgf/math\pgfmathpars
er.code.tex
\pgfmath@dimen=\dimen195
\pgfmath@count=\count312
\pgfmath@box=\box61
\pgfmath@toks=\toks47
\pgfmath@stack@operand=\toks48
\pgfmath@stack@operation=\toks49
)
(C:\Users\uyfuyf\AppData\Local\Programs\MiKTeX\tex/generic/pgf/math\pgfmathfunc
tions.code.tex)
(C:\Users\uyfuyf\AppData\Local\Programs\MiKTeX\tex/generic/pgf/math\pgfmathfunc
tions.basic.code.tex)
(C:\Users\uyfuyf\AppData\Local\Programs\MiKTeX\tex/generic/pgf/math\pgfmathfunc
tions.trigonometric.code.tex)
(C:\Users\uyfuyf\AppData\Local\Programs\MiKTeX\tex/generic/pgf/math\pgfmathfunc
tions.random.code.tex)
(C:\Users\uyfuyf\AppData\Local\Programs\MiKTeX\tex/generic/pgf/math\pgfmathfunc
tions.comparison.code.tex)
(C:\Users\uyfuyf\AppData\Local\Programs\MiKTeX\tex/generic/pgf/math\pgfmathfunc
tions.base.code.tex)
(C:\Users\uyfuyf\AppData\Local\Programs\MiKTeX\tex/generic/pgf/math\pgfmathfunc
tions.round.code.tex)
(C:\Users\uyfuyf\AppData\Local\Programs\MiKTeX\tex/generic/pgf/math\pgfmathfunc
tions.misc.code.tex)
(C:\Users\uyfuyf\AppData\Local\Programs\MiKTeX\tex/generic/pgf/math\pgfmathfunc
tions.integerarithmetics.code.tex)
(C:\Users\uyfuyf\AppData\Local\Programs\MiKTeX\tex/generic/pgf/math\pgfmathcalc
.code.tex)
(C:\Users\uyfuyf\AppData\Local\Programs\MiKTeX\tex/generic/pgf/math\pgfmathfloa
t.code.tex
\c@pgfmathroundto@lastzeros=\count313
))
(C:\Users\uyfuyf\AppData\Local\Programs\MiKTeX\tex/generic/pgf/math\pgfint.code
.tex)
(C:\Users\uyfuyf\AppData\Local\Programs\MiKTeX\tex/generic/pgf/basiclayer\pgfco
repoints.code.tex
File: pgfcorepoints.code.tex 2023-01-15 v3.1.10 (3.1.10)
\pgf@picminx=\dimen196
\pgf@picmaxx=\dimen197
\pgf@picminy=\dimen198
\pgf@picmaxy=\dimen199
\pgf@pathminx=\dimen256
\pgf@pathmaxx=\dimen257
\pgf@pathminy=\dimen258
\pgf@pathmaxy=\dimen259
\pgf@xx=\dimen260
\pgf@xy=\dimen261
\pgf@yx=\dimen262
\pgf@yy=\dimen263
\pgf@zx=\dimen264
\pgf@zy=\dimen265
)
(C:\Users\uyfuyf\AppData\Local\Programs\MiKTeX\tex/generic/pgf/basiclayer\pgfco
repathconstruct.code.tex
File: pgfcorepathconstruct.code.tex 2023-01-15 v3.1.10 (3.1.10)
\pgf@path@lastx=\dimen266
\pgf@path@lasty=\dimen267
)
(C:\Users\uyfuyf\AppData\Local\Programs\MiKTeX\tex/generic/pgf/basiclayer\pgfco
repathusage.code.tex
File: pgfcorepathusage.code.tex 2023-01-15 v3.1.10 (3.1.10)
\pgf@shorten@end@additional=\dimen268
\pgf@shorten@start@additional=\dimen269
)
(C:\Users\uyfuyf\AppData\Local\Programs\MiKTeX\tex/generic/pgf/basiclayer\pgfco
rescopes.code.tex
File: pgfcorescopes.code.tex 2023-01-15 v3.1.10 (3.1.10)
\pgfpic=\box62
\pgf@hbox=\box63
\pgf@layerbox@main=\box64
\pgf@picture@serial@count=\count314
)
(C:\Users\uyfuyf\AppData\Local\Programs\MiKTeX\tex/generic/pgf/basiclayer\pgfco
regraphicstate.code.tex
File: pgfcoregraphicstate.code.tex 2023-01-15 v3.1.10 (3.1.10)
\pgflinewidth=\dimen270
)
(C:\Users\uyfuyf\AppData\Local\Programs\MiKTeX\tex/generic/pgf/basiclayer\pgfco
retransformations.code.tex
File: pgfcoretransformations.code.tex 2023-01-15 v3.1.10 (3.1.10)
\pgf@pt@x=\dimen271
\pgf@pt@y=\dimen272
\pgf@pt@temp=\dimen273
)
(C:\Users\uyfuyf\AppData\Local\Programs\MiKTeX\tex/generic/pgf/basiclayer\pgfco
requick.code.tex
File: pgfcorequick.code.tex 2023-01-15 v3.1.10 (3.1.10)
)
(C:\Users\uyfuyf\AppData\Local\Programs\MiKTeX\tex/generic/pgf/basiclayer\pgfco
reobjects.code.tex
File: pgfcoreobjects.code.tex 2023-01-15 v3.1.10 (3.1.10)
)
(C:\Users\uyfuyf\AppData\Local\Programs\MiKTeX\tex/generic/pgf/basiclayer\pgfco
repathprocessing.code.tex
File: pgfcorepathprocessing.code.tex 2023-01-15 v3.1.10 (3.1.10)
)
(C:\Users\uyfuyf\AppData\Local\Programs\MiKTeX\tex/generic/pgf/basiclayer\pgfco
rearrows.code.tex
File: pgfcorearrows.code.tex 2023-01-15 v3.1.10 (3.1.10)
\pgfarrowsep=\dimen274
)
(C:\Users\uyfuyf\AppData\Local\Programs\MiKTeX\tex/generic/pgf/basiclayer\pgfco
reshade.code.tex
File: pgfcoreshade.code.tex 2023-01-15 v3.1.10 (3.1.10)
\pgf@max=\dimen275
\pgf@sys@shading@range@num=\count315
\pgf@shadingcount=\count316
)
(C:\Users\uyfuyf\AppData\Local\Programs\MiKTeX\tex/generic/pgf/basiclayer\pgfco
reimage.code.tex
File: pgfcoreimage.code.tex 2023-01-15 v3.1.10 (3.1.10)
)
(C:\Users\uyfuyf\AppData\Local\Programs\MiKTeX\tex/generic/pgf/basiclayer\pgfco
reexternal.code.tex
File: pgfcoreexternal.code.tex 2023-01-15 v3.1.10 (3.1.10)
\pgfexternal@startupbox=\box65
)
(C:\Users\uyfuyf\AppData\Local\Programs\MiKTeX\tex/generic/pgf/basiclayer\pgfco
relayers.code.tex
File: pgfcorelayers.code.tex 2023-01-15 v3.1.10 (3.1.10)
)
(C:\Users\uyfuyf\AppData\Local\Programs\MiKTeX\tex/generic/pgf/basiclayer\pgfco
retransparency.code.tex
File: pgfcoretransparency.code.tex 2023-01-15 v3.1.10 (3.1.10)
)
(C:\Users\uyfuyf\AppData\Local\Programs\MiKTeX\tex/generic/pgf/basiclayer\pgfco
repatterns.code.tex
File: pgfcorepatterns.code.tex 2023-01-15 v3.1.10 (3.1.10)
)
(C:\Users\uyfuyf\AppData\Local\Programs\MiKTeX\tex/generic/pgf/basiclayer\pgfco
rerdf.code.tex
File: pgfcorerdf.code.tex 2023-01-15 v3.1.10 (3.1.10)
)))
(C:\Users\uyfuyf\AppData\Local\Programs\MiKTeX\tex/generic/pgf/modules\pgfmodul
eshapes.code.tex
File: pgfmoduleshapes.code.tex 2023-01-15 v3.1.10 (3.1.10)
\pgfnodeparttextbox=\box66
)
(C:\Users\uyfuyf\AppData\Local\Programs\MiKTeX\tex/generic/pgf/modules\pgfmodul
eplot.code.tex
File: pgfmoduleplot.code.tex 2023-01-15 v3.1.10 (3.1.10)
)
(C:\Users\uyfuyf\AppData\Local\Programs\MiKTeX\tex/latex/pgf/compatibility\pgfc
omp-version-0-65.sty
Package: pgfcomp-version-0-65 2023-01-15 v3.1.10 (3.1.10)
\pgf@nodesepstart=\dimen276
\pgf@nodesepend=\dimen277
)
(C:\Users\uyfuyf\AppData\Local\Programs\MiKTeX\tex/latex/pgf/compatibility\pgfc
omp-version-1-18.sty
Package: pgfcomp-version-1-18 2023-01-15 v3.1.10 (3.1.10)
))
(C:\Users\uyfuyf\AppData\Local\Programs\MiKTeX\tex/latex/pgf/utilities\pgffor.s
ty
(C:\Users\uyfuyf\AppData\Local\Programs\MiKTeX\tex/latex/pgf/utilities\pgfkeys.
sty
(C:\Users\uyfuyf\AppData\Local\Programs\MiKTeX\tex/generic/pgf/utilities\pgfkey
s.code.tex))
(C:\Users\uyfuyf\AppData\Local\Programs\MiKTeX\tex/latex/pgf/math\pgfmath.sty
(C:\Users\uyfuyf\AppData\Local\Programs\MiKTeX\tex/generic/pgf/math\pgfmath.cod
e.tex))
(C:\Users\uyfuyf\AppData\Local\Programs\MiKTeX\tex/generic/pgf/utilities\pgffor
.code.tex
Package: pgffor 2023-01-15 v3.1.10 (3.1.10)
\pgffor@iter=\dimen278
\pgffor@skip=\dimen279
\pgffor@stack=\toks50
\pgffor@toks=\toks51
))
(C:\Users\uyfuyf\AppData\Local\Programs\MiKTeX\tex/generic/pgf/frontendlayer/ti
kz\tikz.code.tex
Package: tikz 2023-01-15 v3.1.10 (3.1.10)

(C:\Users\uyfuyf\AppData\Local\Programs\MiKTeX\tex/generic/pgf/libraries\pgflib
raryplothandlers.code.tex
File: pgflibraryplothandlers.code.tex 2023-01-15 v3.1.10 (3.1.10)
\pgf@plot@mark@count=\count317
\pgfplotmarksize=\dimen280
)
\tikz@lastx=\dimen281
\tikz@lasty=\dimen282
\tikz@lastxsaved=\dimen283
\tikz@lastysaved=\dimen284
\tikz@lastmovetox=\dimen285
\tikz@lastmovetoy=\dimen286
\tikzleveldistance=\dimen287
\tikzsiblingdistance=\dimen288
\tikz@figbox=\box67
\tikz@figbox@bg=\box68
\tikz@tempbox=\box69
\tikz@tempbox@bg=\box70
\tikztreelevel=\count318
\tikznumberofchildren=\count319
\tikznumberofcurrentchild=\count320
\tikz@fig@count=\count321

(C:\Users\uyfuyf\AppData\Local\Programs\MiKTeX\tex/generic/pgf/modules\pgfmodul
ematrix.code.tex
File: pgfmodulematrix.code.tex 2023-01-15 v3.1.10 (3.1.10)
\pgfmatrixcurrentrow=\count322
\pgfmatrixcurrentcolumn=\count323
\pgf@matrix@numberofcolumns=\count324
)
\tikz@expandcount=\count325

(C:\Users\uyfuyf\AppData\Local\Programs\MiKTeX\tex/generic/pgf/frontendlayer/ti
kz/libraries\tikzlibrarytopaths.code.tex
File: tikzlibrarytopaths.code.tex 2023-01-15 v3.1.10 (3.1.10)
)))
(C:\Users\uyfuyf\AppData\Local\Programs\MiKTeX\tex/generic/pgf/frontendlayer/ti
kz/libraries\tikzlibrarypositioning.code.tex
File: tikzlibrarypositioning.code.tex 2023-01-15 v3.1.10 (3.1.10)
)
(C:\Users\uyfuyf\AppData\Local\Programs\MiKTeX\tex/latex/tools\calc.sty
Package: calc 2023/07/08 v4.3 Infix arithmetic (KKT,FJ)
\calc@Acount=\count326
\calc@Bcount=\count327
\calc@Adimen=\dimen289
\calc@Bdimen=\dimen290
\calc@Askip=\skip63
\calc@Bskip=\skip64
LaTeX Info: Redefining \setlength on input line 80.
LaTeX Info: Redefining \addtolength on input line 81.
\calc@Ccount=\count328
\calc@Cskip=\skip65
)
\c@@todonotes@numberoftodonotes=\count329
)
(C:\Users\uyfuyf\AppData\Local\Programs\MiKTeX\tex/latex/fancyhdr\fancyhdr.sty
Package: fancyhdr 2024/07/23 v4.3.1 Extensive control of page headers and foote
rs
\f@nch@headwidth=\skip66
\f@nch@O@elh=\skip67
\f@nch@O@erh=\skip68
\f@nch@O@olh=\skip69
\f@nch@O@orh=\skip70
\f@nch@O@elf=\skip71
\f@nch@O@erf=\skip72
\f@nch@O@olf=\skip73
\f@nch@O@orf=\skip74
) (C:\Users\uyfuyf\AppData\Local\Programs\MiKTeX\tex/latex/setspace\setspace.st
y
Package: setspace 2022/12/04 v6.7b set line spacing
)
(C:\Users\uyfuyf\AppData\Local\Programs\MiKTeX\tex/latex/algorithms\algorithm.s
ty
Invalid UTF-8 byte or sequence at line 11 replaced by U+FFFD.
Package: algorithm 2009/08/24 v0.1 Document Style `algorithm' - floating enviro
nment
\@float@every@algorithm=\toks52
\c@algorithm=\count330
)
(C:\Users\uyfuyf\AppData\Local\Programs\MiKTeX\tex/latex/algorithms\algorithmic
.sty
Invalid UTF-8 byte or sequence at line 11 replaced by U+FFFD.
Package: algorithmic 2009/08/24 v0.1 Document Style `algorithmic'
\c@ALC@unique=\count331
\c@ALC@line=\count332
\c@ALC@rem=\count333
\c@ALC@depth=\count334
\ALC@tlm=\skip75
\algorithmicindent=\skip76
)
(C:\Users\uyfuyf\AppData\Local\Programs\MiKTeX\tex/latex/tabulary\tabulary.sty
Package: tabulary 2024/06/04 v0.11 tabulary package (DPC)


LaTeX Warning: You have requested, on input line 20, version
               `2024/05/23' of package array,
               but only version
               `2023/10/16 v2.5g Tabular extension package (FMi)'
               is available.

\TY@count=\count335
\TY@linewidth=\dimen291
\tymin=\dimen292
\tymax=\dimen293
\TY@tablewidth=\dimen294
) (C:\Users\uyfuyf\AppData\Local\Programs\MiKTeX\tex/latex/tools\tabularx.sty
Package: tabularx 2023/07/08 v2.11c `tabularx' package (DPC)
\TX@col@width=\dimen295
\TX@old@table=\dimen296
\TX@old@col=\dimen297
\TX@target=\dimen298
\TX@delta=\dimen299
\TX@cols=\count336
\TX@ftn=\toks53
)
(C:\Users\uyfuyf\AppData\Local\Programs\MiKTeX\tex/latex/graphics\rotating.sty
Package: rotating 2016/08/11 v2.16d rotated objects in LaTeX
\c@r@tfl@t=\count337
\rotFPtop=\skip77
\rotFPbot=\skip78
\rot@float@box=\box71
\rot@mess@toks=\toks54
)
(C:\Users\uyfuyf\AppData\Local\Programs\MiKTeX\tex/latex/adjustbox\adjustbox.st
y
Package: adjustbox 2022/10/17 v1.3a Adjusting TeX boxes (trim, clip, ...)

(C:\Users\uyfuyf\AppData\Local\Programs\MiKTeX\tex/latex/adjustbox\adjcalc.sty
Package: adjcalc 2012/05/16 v1.1 Provides advanced setlength with multiple back
-ends (calc, etex, pgfmath)
)
(C:\Users\uyfuyf\AppData\Local\Programs\MiKTeX\tex/latex/adjustbox\trimclip.sty
Package: trimclip 2020/08/19 v1.2 Trim and clip general TeX material

(C:\Users\uyfuyf\AppData\Local\Programs\MiKTeX\tex/latex/collectbox\collectbox.
sty
Package: collectbox 2022/10/17 v0.4c Collect macro arguments as boxes
\collectedbox=\box72
)
\tc@llx=\dimen300
\tc@lly=\dimen301
\tc@urx=\dimen302
\tc@ury=\dimen303
Package trimclip Info: Using driver 'tc-xetex.def'.

(C:\Users\uyfuyf\AppData\Local\Programs\MiKTeX\tex/latex/adjustbox\tc-xetex.def
File: tc-xetex.def 2019/01/04 v2.2 Clipping driver for xetex
))
\adjbox@Width=\dimen304
\adjbox@Height=\dimen305
\adjbox@Depth=\dimen306
\adjbox@Totalheight=\dimen307
\adjbox@pwidth=\dimen308
\adjbox@pheight=\dimen309
\adjbox@pdepth=\dimen310
\adjbox@ptotalheight=\dimen311

(C:\Users\uyfuyf\AppData\Local\Programs\MiKTeX\tex/latex/ifoddpage\ifoddpage.st
y
Package: ifoddpage 2022/10/18 v1.2 Conditionals for odd/even page detection
\c@checkoddpage=\count338
)
(C:\Users\uyfuyf\AppData\Local\Programs\MiKTeX\tex/latex/varwidth\varwidth.sty
Package: varwidth 2009/03/30 ver 0.92;  Variable-width minipages
\@vwid@box=\box73
\sift@deathcycles=\count339
\@vwid@loff=\dimen312
\@vwid@roff=\dimen313
)) (C:\Users\uyfuyf\AppData\Local\Programs\MiKTeX\tex/latex/subfig\subfig.sty
Package: subfig 2005/06/28 ver: 1.3 subfig package
\c@KVtest=\count340
\sf@farskip=\skip79
\sf@captopadj=\dimen314
\sf@capskip=\skip80
\sf@nearskip=\skip81
\sf@top=\skip82
\sf@bottom=\skip83
)
(C:\Users\uyfuyf\AppData\Local\Programs\MiKTeX\tex/latex/tocloft\tocloft.sty
Package: tocloft 2017/08/31 v2.3i parameterised ToC, etc., typesetting
Package tocloft Info: The document has chapter divisions on input line 51.
\cftparskip=\skip84
\cftbeforetoctitleskip=\skip85
\cftaftertoctitleskip=\skip86
\cftbeforepartskip=\skip87
\cftpartnumwidth=\skip88
\cftpartindent=\skip89
\cftbeforechapskip=\skip90
\cftchapindent=\skip91
\cftchapnumwidth=\skip92
\cftbeforesecskip=\skip93
\cftsecindent=\skip94
\cftsecnumwidth=\skip95
\cftbeforesubsecskip=\skip96
\cftsubsecindent=\skip97
\cftsubsecnumwidth=\skip98
\cftbeforesubsubsecskip=\skip99
\cftsubsubsecindent=\skip100
\cftsubsubsecnumwidth=\skip101
\cftbeforeparaskip=\skip102
\cftparaindent=\skip103
\cftparanumwidth=\skip104
\cftbeforesubparaskip=\skip105
\cftsubparaindent=\skip106
\cftsubparanumwidth=\skip107
\cftbeforeloftitleskip=\skip108
\cftafterloftitleskip=\skip109
\cftbeforefigskip=\skip110
\cftfigindent=\skip111
\cftfignumwidth=\skip112
\cftbeforelottitleskip=\skip113
\cftafterlottitleskip=\skip114
\cftbeforetabskip=\skip115
\cfttabindent=\skip116
\cfttabnumwidth=\skip117
\cftbeforesubfigskip=\skip118
\cftsubfigindent=\skip119
\cftsubfignumwidth=\skip120
\cftbeforesubtabskip=\skip121
\cftsubtabindent=\skip122
\cftsubtabnumwidth=\skip123
)
(C:\Users\uyfuyf\AppData\Local\Programs\MiKTeX\tex/latex/tocbibind\tocbibind.st
y
Package: tocbibind 2010/10/13 v1.5k extra ToC listings
Package tocbibind Info: The document has chapter divisions on input line 50.


Package tocbibind Note: Using chapter style headings, unless overridden.

) (C:\Users\uyfuyf\AppData\Local\Programs\MiKTeX\tex/latex/base\makeidx.sty
Package: makeidx 2021/10/04 v1.0m Standard LaTeX package
)
\@indexfile=\write4
\openout4 = `main.idx'.


Writing index file main.idx

(C:\Users\uyfuyf\AppData\Local\Programs\MiKTeX\tex/latex/glossaries/base\glossa
ries.sty
Package: glossaries 2024/11/01 v4.55 (NLCT)

(C:\Users\uyfuyf\AppData\Local\Programs\MiKTeX\tex/latex/mfirstuc\mfirstuc.sty
Package: mfirstuc 2022/10/14 v2.08 (NLCT)
\@glsmfirst=\toks55
\@glsmrest=\toks56
) (C:\Users\uyfuyf\AppData\Local\Programs\MiKTeX\tex/latex/xfor\xfor.sty
Package: xfor 2009/02/05 v1.05 (NLCT)
)
(C:\Users\uyfuyf\AppData\Local\Programs\MiKTeX\tex/latex/datatool\datatool-base
.sty
Package: datatool-base 2019/09/27 v2.32 (NLCT)
 (C:\Users\uyfuyf\AppData\Local\Programs\MiKTeX\tex/latex/substr\substr.sty
Package: substr 2009/10/20 v1.2 Handle substrings
\c@su@anzahl=\count341
)
(C:\Users\uyfuyf\AppData\Local\Programs\MiKTeX\tex/latex/datatool\datatool-fp.s
ty
Package: datatool-fp 2019/09/27 v2.32 (NLCT)
 (C:\Users\uyfuyf\AppData\Local\Programs\MiKTeX\tex/latex/fp\fp.sty
Package: fp 1995/04/02

`Fixed Point Package', Version 0.8, April 2, 1995 (C) Michael Mehlich
(C:\Users\uyfuyf\AppData\Local\Programs\MiKTeX\tex/latex/fp\defpattern.sty
Package: defpattern 1994/10/12
\actioncount=\count342
)
(C:\Users\uyfuyf\AppData\Local\Programs\MiKTeX\tex/latex/fp\fp-basic.sty
Package: fp-basic 1996/05/13
\FP@xs=\count343
\FP@xia=\count344
\FP@xib=\count345
\FP@xfa=\count346
\FP@xfb=\count347
\FP@rega=\count348
\FP@regb=\count349
\FP@regs=\count350
\FP@times=\count351
)
(C:\Users\uyfuyf\AppData\Local\Programs\MiKTeX\tex/latex/fp\fp-addons.sty
Package: fp-addons 1995/03/15
)
(C:\Users\uyfuyf\AppData\Local\Programs\MiKTeX\tex/latex/fp\fp-snap.sty
Package: fp-snap 1995/04/05
)
(C:\Users\uyfuyf\AppData\Local\Programs\MiKTeX\tex/latex/fp\fp-exp.sty
Package: fp-exp 1995/04/03
)
(C:\Users\uyfuyf\AppData\Local\Programs\MiKTeX\tex/latex/fp\fp-trigo.sty
Package: fp-trigo 1995/04/14
)
(C:\Users\uyfuyf\AppData\Local\Programs\MiKTeX\tex/latex/fp\fp-pas.sty
Package: fp-pas 1994/08/29
)
(C:\Users\uyfuyf\AppData\Local\Programs\MiKTeX\tex/latex/fp\fp-random.sty
Package: fp-random 1995/02/23
\FPseed=\count352
)
(C:\Users\uyfuyf\AppData\Local\Programs\MiKTeX\tex/latex/fp\fp-eqn.sty
Package: fp-eqn 1995/04/03
)
(C:\Users\uyfuyf\AppData\Local\Programs\MiKTeX\tex/latex/fp\fp-upn.sty
Package: fp-upn 1996/10/21
)
(C:\Users\uyfuyf\AppData\Local\Programs\MiKTeX\tex/latex/fp\fp-eval.sty
Package: fp-eval 1995/04/03
)))
\@dtl@toks=\toks57
\@dtl@tmpcount=\count353
\dtl@tmplength=\skip124
\dtl@sortresult=\count354
\@dtl@numgrpsepcount=\count355
\@dtl@datatype=\count356
\dtl@codeA=\count357
\dtl@codeB=\count358
\@dtl@foreach@level=\count359
)
\gls@level=\count360
\@gls@tmpb=\toks58
\gls@tmplen=\skip125
\glskeylisttok=\toks59
\glslabeltok=\toks60
\glsshorttok=\toks61
\glslongtok=\toks62

(C:\Users\uyfuyf\AppData\Local\Programs\MiKTeX\tex/latex/glossaries/styles\glos
sary-hypernav.sty
Package: glossary-hypernav 2024/11/01 v4.55 (NLCT)
)
(C:\Users\uyfuyf\AppData\Local\Programs\MiKTeX\tex/latex/glossaries/styles\glos
sary-list.sty
Package: glossary-list 2024/11/01 v4.55 (NLCT)
\glslistdottedwidth=\skip126
)
(C:\Users\uyfuyf\AppData\Local\Programs\MiKTeX\tex/latex/glossaries/styles\glos
sary-long.sty
Package: glossary-long 2024/11/01 v4.55 (NLCT)

(C:\Users\uyfuyf\AppData\Local\Programs\MiKTeX\tex/latex/tools\longtable.sty
Package: longtable 2023-11-01 v4.19 Multi-page Table package (DPC)
\LTleft=\skip127
\LTright=\skip128
\LTpre=\skip129
\LTpost=\skip130
\LTchunksize=\count361
\LTcapwidth=\dimen315
\LT@head=\box74
\LT@firsthead=\box75
\LT@foot=\box76
\LT@lastfoot=\box77
\LT@gbox=\box78
\LT@cols=\count362
\LT@rows=\count363
\c@LT@tables=\count364
\c@LT@chunks=\count365
\LT@p@ftn=\toks63
)
\glsdescwidth=\skip131
\glspagelistwidth=\skip132
)
(C:\Users\uyfuyf\AppData\Local\Programs\MiKTeX\tex/latex/glossaries/styles\glos
sary-super.sty
Package: glossary-super 2024/11/01 v4.55 (NLCT)

(C:\Users\uyfuyf\AppData\Local\Programs\MiKTeX\tex/latex/supertabular\supertabu
lar.sty
Package: supertabular 2024/07/20 v4.2c the supertabular environment
\c@tracingst=\count366
\ST@wd=\dimen316
\ST@rightskip=\skip133
\ST@leftskip=\skip134
\ST@parfillskip=\skip135
\ST@pageleft=\dimen317
\ST@headht=\dimen318
\ST@tailht=\dimen319
\ST@pagesofar=\dimen320
\ST@pboxht=\dimen321
\ST@rowht=\dimen322
\ST@prevht=\dimen323
\ST@toadd=\dimen324
\ST@dimen=\dimen325
\ST@pbox=\box79
))
(C:\Users\uyfuyf\AppData\Local\Programs\MiKTeX\tex/latex/glossaries/styles\glos
sary-tree.sty
Package: glossary-tree 2024/11/01 v4.55 (NLCT)
\glstreeindent=\skip136
))
(C:\Users\uyfuyf\AppData\Local\Programs\MiKTeX\tex/latex/tools\indentfirst.sty
Package: indentfirst 2023/07/02 v1.03 Indent first paragraph (DPC)
)
(C:\Users\uyfuyf\AppData\Local\Programs\MiKTeX\tex/latex/morewrites\morewrites.
sty
(C:\Users\uyfuyf\AppData\Local\Programs\MiKTeX\tex/latex/morewrites\primargs.st
y
Package: primargs 2024/02/02 Parsing arguments of primitives
)
Package: morewrites 2024/02/02 Always room for a new write
\g__morewrites_later_int=\count367
\l__morewrites_user_int=\count368
\g__morewrites_iow=\write5
\g__morewrites_ior=\read3
\g__morewrites_group_level_int=\count369
\g__morewrites_shipout_box=\box80
\l__morewrites_collect_next_int=\count370
\g__morewrites_alloc_write_int=\count371
)
(C:\Users\uyfuyf\AppData\Local\Programs\MiKTeX\tex/xelatex/xepersian\xepersian.
sty
Package: xepersian 2023/08/30 v25.0 (Release Women, Life, and Freedom) Persian 
typesetting in XeLaTeX

(C:\Users\uyfuyf\AppData\Local\Programs\MiKTeX\tex/latex/fontspec\fontspec.sty
(C:\Users\uyfuyf\AppData\Local\Programs\MiKTeX\tex/latex/l3packages/xparse\xpar
se.sty
(C:\Users\uyfuyf\AppData\Local\Programs\MiKTeX\tex/latex/l3kernel\expl3.sty
Package: expl3 2024-01-04 L3 programming layer (loader) 

(C:\Users\uyfuyf\AppData\Local\Programs\MiKTeX\tex/latex/l3backend\l3backend-xe
tex.def
File: l3backend-xetex.def 2024-01-04 L3 backend support: XeTeX
\g__graphics_track_int=\count372
\l__pdf_internal_box=\box81
\g__pdf_backend_object_int=\count373
\g__pdf_backend_annotation_int=\count374
\g__pdf_backend_link_int=\count375
))
Package: xparse 2023-10-10 L3 Experimental document command parser
)
Package: fontspec 2022/01/15 v2.8a Font selection for XeLaTeX and LuaLaTeX

(C:\Users\uyfuyf\AppData\Local\Programs\MiKTeX\tex/latex/fontspec\fontspec-xete
x.sty
Package: fontspec-xetex 2022/01/15 v2.8a Font selection for XeLaTeX and LuaLaTe
X
\l__fontspec_script_int=\count376
\l__fontspec_language_int=\count377
\l__fontspec_strnum_int=\count378
\l__fontspec_tmp_int=\count379
\l__fontspec_tmpa_int=\count380
\l__fontspec_tmpb_int=\count381
\l__fontspec_tmpc_int=\count382
\l__fontspec_em_int=\count383
\l__fontspec_emdef_int=\count384
\l__fontspec_strong_int=\count385
\l__fontspec_strongdef_int=\count386
\l__fontspec_tmpa_dim=\dimen326
\l__fontspec_tmpb_dim=\dimen327
\l__fontspec_tmpc_dim=\dimen328
 (C:\Users\uyfuyf\AppData\Local\Programs\MiKTeX\tex/latex/base\fontenc.sty
Package: fontenc 2021/04/29 v2.0v Standard LaTeX package
)
(C:\Users\uyfuyf\AppData\Local\Programs\MiKTeX\tex/latex/fontspec\fontspec.cfg)
))
(C:\Users\uyfuyf\AppData\Local\Programs\MiKTeX\tex/xelatex/xepersian\xepersian-
persiancal.sty
Package: xepersian-persiancal 2012/07/25 v0.2 provides Persian calendar
\XePersian@i=\count387
\XePersian@y=\count388
\XePersian@m=\count389
\XePersian@d=\count390
\XePersian@latini=\count391
\XePersian@persiani=\count392
\XePersian@latinii=\count393
\XePersian@persianii=\count394
\XePersian@latiniii=\count395
\XePersian@persianiii=\count396
\XePersian@latiniv=\count397
\XePersian@persianiv=\count398
\XePersian@latinv=\count399
\XePersian@persianv=\count400
\XePersian@latinvi=\count401
\XePersian@persianvi=\count402
\XePersian@latinvii=\count403
\XePersian@persianvii=\count404
\XePersian@latinviii=\count405
\XePersian@persianviii=\count406
\XePersian@latinix=\count407
\XePersian@persianix=\count408
\XePersian@latinx=\count409
\XePersian@persianx=\count410
\XePersian@latinxi=\count411
\XePersian@persianxi=\count412
\XePersian@latinxii=\count413
\XePersian@persianxii=\count414
\XePersian@persianxiii=\count415
\XePersian@temp=\count416
\XePersian@temptwo=\count417
\XePersian@tempthree=\count418
\XePersian@yModHundred=\count419
\XePersian@thirtytwo=\count420
\XePersian@dn=\count421
\XePersian@sn=\count422
\XePersian@mminusone=\count423
)
(C:\Users\uyfuyf\AppData\Local\Programs\MiKTeX\tex/xelatex/xepersian\xepersian-
mathdigitspec.sty
Package: xepersian-mathdigitspec 2022/05/20 v1.2.0 Unicode Persian math digits 
in XeLaTeX
)
(C:\Users\uyfuyf\AppData\Local\Programs\MiKTeX\tex/xelatex/bidi\bidi.sty
Package: bidi 2023/08/02 v39.8 (Release Donald Ervin Knuth) Bidirectional types
etting in plain TeX and LaTeX

****************************************************
* 
* bidi package (Bidirectional typesetting in
* plain TeX and LaTeX, using XeTeX engine)
* 
* Description: A convenient interface for
* typesetting bidirectional texts in plain TeX
* and LaTeX. The package includes adaptations
* for use with many other commonly-used packages.
* 
* Copyright (c) 2007--2023 Vafa Khalighi
* Copyright (c) 2018--2020 bidi-tex GitHub organization
* 
* v39.8 (Release Donald Ervin Knuth), 2023/08/02
* 
* License: LaTeX Project Public License, version
* 1.3c or higher (your choice)
* 
* Location on CTAN: /macros/xetex/latex/bidi
* 
* Issue tracker: https://github.com/kvafa/bidi/issues
* 
* Discussions: https://github.com/kvafa/bidi/discussions
* 
* Primary author of bidi package: Vafa Khalighi.
* 
****************************************************
(C:\Users\uyfuyf\AppData\Local\Programs\MiKTeX\tex/xelatex/bidi\biditools.sty
Package: biditools 2022/06/15 v2.3 Programming tools for bidi package
\@bidi@envbody=\toks64
\@bidi@emptytoks=\toks65
\bidi@poscount=\count424
\bidi@tempcountb=\count425
\bidi@temptoksa=\toks66
\bidi@temptoksb=\toks67
\bidi@dummies=\count426
\bidi@are@these@correct=\toks68
\bidi@toks@lista=\toks69
\bidi@toks@listb=\toks70
\bidi@stack@length=\count427
\bidi@empty@stack=\toks71
\bidi@looprepeat@depth=\count428
)
(C:\Users\uyfuyf\AppData\Local\Programs\MiKTeX\tex/latex/zref\zref-abspage.sty
Package: zref-abspage 2023-09-14 v2.35 Module abspage for zref (HO)

(C:\Users\uyfuyf\AppData\Local\Programs\MiKTeX\tex/latex/zref\zref-base.sty
Package: zref-base 2023-09-14 v2.35 Module base for zref (HO)

(C:\Users\uyfuyf\AppData\Local\Programs\MiKTeX\tex/generic/etexcmds\etexcmds.st
y
Package: etexcmds 2019/12/15 v1.7 Avoid name clashes with e-TeX commands (HO)
)
Package zref Info: New property list: main on input line 767.
Package zref Info: New property: default on input line 768.
Package zref Info: New property: page on input line 769.
)
\c@abspage=\count429
Package zref Info: New property: abspage on input line 67.
)
\@bidi@copyins@=\insert252

(C:\Users\uyfuyf\AppData\Local\Programs\MiKTeX\tex/xelatex/bidi\latex-xetex-bid
i.def
File: latex-xetex-bidi.def 2022/07/04 v1.4.9 bidi adaptations for `latex.ltx' f
or XeTeX engine
\bidi@n@everypar=\toks72
\bidi@column@check@number=\count430

(C:\Users\uyfuyf\AppData\Local\Programs\MiKTeX\tex/xelatex/bidi\footnote-xetex-
bidi.def
File: footnote-xetex-bidi.def 2023/01/18 v1.2 bidi footnote macros for XeTeX en
gine
\c@footdir@label=\count431
\footdir@toks=\toks73
)
(C:\Users\uyfuyf\AppData\Local\Programs\MiKTeX\tex/xelatex/bidi\book-xetex-bidi
.def
File: book-xetex-bidi.def 2017/06/09 v1.0 bidi adaptations for standard book cl
ass for XeTeX engine
)
(C:\Users\uyfuyf\AppData\Local\Programs\MiKTeX\tex/xelatex/bidi\amsmath-xetex-b
idi.def
File: amsmath-xetex-bidi.def 2020/05/16 v1.2 bidi adaptations for amsmath packa
ge for XeTeX engine
)
(C:\Users\uyfuyf\AppData\Local\Programs\MiKTeX\tex/xelatex/bidi\amstext-xetex-b
idi.def
File: amstext-xetex-bidi.def 2016/09/12 v0.2 bidi adaptations for amstext packa
ge for XeTeX engine
)
(C:\Users\uyfuyf\AppData\Local\Programs\MiKTeX\tex/xelatex/bidi\amsthm-xetex-bi
di.def
File: amsthm-xetex-bidi.def 2010/07/25 v0.1 bidi adaptations for amsthm package
 for XeTeX engine
)
(C:\Users\uyfuyf\AppData\Local\Programs\MiKTeX\tex/xelatex/bidi\caption-xetex-b
idi.def
File: caption-xetex-bidi.def 2010/07/25 v0.1 bidi adaptations for caption packa
ge for XeTeX engine
)
(C:\Users\uyfuyf\AppData\Local\Programs\MiKTeX\tex/xelatex/bidi\caption3-xetex-
bidi.def
File: caption3-xetex-bidi.def 2013/04/01 v0.1 bidi adaptations for caption3 pac
kage for XeTeX engine
)
(C:\Users\uyfuyf\AppData\Local\Programs\MiKTeX\tex/xelatex/bidi\color-xetex-bid
i.def
File: color-xetex-bidi.def 2013/04/08 v0.2 bidi adaptations for color package f
or XeTeX engine
LaTeX Info: Redefining \color on input line 49.
)
(C:\Users\uyfuyf\AppData\Local\Programs\MiKTeX\tex/xelatex/bidi\xcolor-xetex-bi
di.def
File: xcolor-xetex-bidi.def 2022/06/13 v0.3 bidi adaptations for xcolor package
 for XeTeX engine
LaTeX Info: Redefining \color on input line 48.
LaTeX Info: Redefining \bidicolor on input line 91.
)
(C:\Users\uyfuyf\AppData\Local\Programs\MiKTeX\tex/xelatex/bidi\colortbl-xetex-
bidi.def
File: colortbl-xetex-bidi.def 2012/06/10 v0.2 bidi adaptations for colortbl pac
kage for XeTeX engine
)
(C:\Users\uyfuyf\AppData\Local\Programs\MiKTeX\tex/xelatex/bidi\float-xetex-bid
i.def
File: float-xetex-bidi.def 2013/04/04 v0.2 bidi adaptations for float package f
or XeTeX engine
)
(C:\Users\uyfuyf\AppData\Local\Programs\MiKTeX\tex/xelatex/bidi\graphicx-xetex-
bidi.def
File: graphicx-xetex-bidi.def 2017/06/17 v0.5 bidi adaptations for graphicx pac
kage for XeTeX engine
)
(C:\Users\uyfuyf\AppData\Local\Programs\MiKTeX\tex/xelatex/bidi\geometry-xetex-
bidi.def
File: geometry-xetex-bidi.def 2017/01/14 v0.2 bidi adaptations for geometry pac
kage for XeTeX engine
)
(C:\Users\uyfuyf\AppData\Local\Programs\MiKTeX\tex/xelatex/bidi\tabularx-xetex-
bidi.def
File: tabularx-xetex-bidi.def 2014/11/08 v0.1 bidi adaptations for tabularx pac
kage for XeTeX engine
)
(C:\Users\uyfuyf\AppData\Local\Programs\MiKTeX\tex/xelatex/bidi\longtable-xetex
-bidi.def
File: longtable-xetex-bidi.def 2022/05/20 v0.6 bidi adaptations for longtable p
ackage for XeTeX engine
)
(C:\Users\uyfuyf\AppData\Local\Programs\MiKTeX\tex/xelatex/bidi\hyperref-xetex-
bidi.def
File: hyperref-xetex-bidi.def 2018/11/11 v1.1 bidi adaptations for hyperref pac
kage for XeTeX engine
)
(C:\Users\uyfuyf\AppData\Local\Programs\MiKTeX\tex/xelatex/bidi\fancyhdr-xetex-
bidi.def
File: fancyhdr-xetex-bidi.def 2018/02/15 v0.7 bidi adaptations for fancyhdr pac
kage for XeTeX engine
)
(C:\Users\uyfuyf\AppData\Local\Programs\MiKTeX\tex/xelatex/bidi\framed-xetex-bi
di.def
File: framed-xetex-bidi.def 2012/06/05 v0.3 bidi adaptations for framed package
 for XeTeX engine
)
(C:\Users\uyfuyf\AppData\Local\Programs\MiKTeX\tex/xelatex/bidi\listings-xetex-
bidi.def
File: listings-xetex-bidi.def 2018/09/15 v1.5 bidi adaptations for listings pac
kage for XeTeX engine
)
(C:\Users\uyfuyf\AppData\Local\Programs\MiKTeX\tex/xelatex/bidi\pgfcorescopes.c
ode-xetex-bidi.def
File: pgfcorescopes.code-xetex-bidi.def 2015/11/14 v0.1 bidi adaptations for pg
f package for XeTeX engine
)
(C:\Users\uyfuyf\AppData\Local\Programs\MiKTeX\tex/xelatex/bidi\array-xetex-bid
i.def
File: array-xetex-bidi.def 2015/11/07 v0.3 bidi adaptations for array package f
or XeTeX engine
)
(C:\Users\uyfuyf\AppData\Local\Programs\MiKTeX\tex/xelatex/bidi\pgfsys.code-xet
ex-bidi.def
File: pgfsys.code-xetex-bidi.def 2022/06/01 v0.1 bidi adaptations for pgfsys.co
de.tex file for XeTeX engine
)
(C:\Users\uyfuyf\AppData\Local\Programs\MiKTeX\tex/xelatex/bidi\rotating-xetex-
bidi.def
File: rotating-xetex-bidi.def 2013/05/22 v0.2 bidi adaptations for rotating pac
kage for XeTeX engine
)
(C:\Users\uyfuyf\AppData\Local\Programs\MiKTeX\tex/xelatex/bidi\tabulary-xetex-
bidi.def
File: tabulary-xetex-bidi.def 2010/07/25 v0.1 bidi adaptations for tabulary pac
kage for XeTeX engine
)
(C:\Users\uyfuyf\AppData\Local\Programs\MiKTeX\tex/xelatex/bidi\tocbibind-xetex
-bidi.def
File: tocbibind-xetex-bidi.def 2017/06/09 v0.4 bidi adaptations for tocbibind p
ackage for XeTeX engine
)
(C:\Users\uyfuyf\AppData\Local\Programs\MiKTeX\tex/xelatex/bidi\tocloft-xetex-b
idi.def
File: tocloft-xetex-bidi.def 2023/08/02 v0.3 bidi adaptations for tocloft packa
ge for XeTeX engine
)
(C:\Users\uyfuyf\AppData\Local\Programs\MiKTeX\tex/xelatex/bidi\tc-xetex-bidi.d
ef
File: tc-xetex-bidi.def 2014/07/08 v0.1 bidi adaptations for Clipping driver fo
r XeTeX engine
)
(C:\Users\uyfuyf\AppData\Local\Programs\MiKTeX\tex/xelatex/bidi\todonotes-xetex
-bidi.def
File: todonotes-xetex-bidi.def 2016/11/08 v0.4 bidi adaptations for todonotes p
ackage for XeTeX engine
))
(C:\Users\uyfuyf\AppData\Local\Programs\MiKTeX\tex/xelatex/bidi\loadingorder-xe
tex-bidi.def
File: loadingorder-xetex-bidi.def 2017/12/29 v0.97 making sure that bidi is the
 last package loaded
)
\bidi@digits=\count432
\bidi@digits@charclass=\XeTeXcharclass1
\bidi@sepmark@charclass=\XeTeXcharclass2
)
****************************************************
* 
* xepersian package (Persian for LaTeX, using XeTeX engine)
* 
* Description: The package supports Persian
* typesetting, using fonts provided in the
* distribution.
* 
* Copyright (c) 2008--2023 Vafa Khalighi
* Copyright (c) 2018--2020 bidi-tex GitHub Organization
* 
* v25.0 (Release Women, Life, and Freedom), 2023/08/30
* 
* License: LaTeX Project Public License, version
* 1.3c or higher (your choice)
* 
* Location on CTAN: /macros/xetex/latex/xepersian
* 
* Issue tracker: https://github.com/kvafa/xepersian/issues
* 
* Discussions: https://github.com/kvafa/xepersian/discussions
* 
* Primary author of xepersian package: Vafa Khalighi.
* 
****************************************************
\xepersian@tcl=\count433
\xepersian@ilg=\dimen329
\xepersian@strutilg=\dimen330

(C:\Users\uyfuyf\AppData\Local\Programs\MiKTeX\tex/xelatex/xepersian\loadingord
er-xepersian.def
File: loadingorder-xepersian.def 2018/09/29 v0.5 making sure that xepersian is 
the last package loaded
)
(C:\Users\uyfuyf\AppData\Local\Programs\MiKTeX\tex/xelatex/xepersian\footnote-x
epersian.def
File: footnote-xepersian.def 2017/08/09 v0.6 footnote macros for xepersian pack
age
)
(C:\Users\uyfuyf\AppData\Local\Programs\MiKTeX\tex/xelatex/xepersian\listings-x
epersian.def
File: listings-xepersian.def 2014/07/17 v0.3 bilingual captions for listings pa
ckage
)
(C:\Users\uyfuyf\AppData\Local\Programs\MiKTeX\tex/xelatex/xepersian\algorithmi
c-xepersian.def
File: algorithmic-xepersian.def 2010/07/25 v0.2 adaptations for algorithmic pac
kage
)
(C:\Users\uyfuyf\AppData\Local\Programs\MiKTeX\tex/xelatex/xepersian\algorithm-
xepersian.def
File: algorithm-xepersian.def 2010/07/25 v0.2 adaptations for algorithm package

)
(C:\Users\uyfuyf\AppData\Local\Programs\MiKTeX\tex/xelatex/xepersian\framed-xep
ersian.def
File: framed-xepersian.def 2012/06/05 v0.1 xepersian adaptations for framed pac
kage for XeTeX engine
)
(C:\Users\uyfuyf\AppData\Local\Programs\MiKTeX\tex/xelatex/xepersian\glossaries
-xepersian.def
File: glossaries-xepersian.def 2014/09/04 v0.4 xepersian adaptations for glossa
ries package for XeTeX engine


Package glossaries Warning: \glsaddprotectedpagefmt has no effect with esclocat
ions=false on input line 41.


Package glossaries Warning: \glsaddprotectedpagefmt has no effect with esclocat
ions=false on input line 42.


Package glossaries Warning: \glsaddprotectedpagefmt has no effect with esclocat
ions=false on input line 43.

)
(C:\Users\uyfuyf\AppData\Local\Programs\MiKTeX\tex/xelatex/xepersian\hyperref-x
epersian.def
File: hyperref-xepersian.def 2022/10/30 v0.8 xepersian adaptations for hyperref
 package
)
(C:\Users\uyfuyf\AppData\Local\Programs\MiKTeX\tex/xelatex/xepersian\tocloft-xe
persian.def
File: tocloft-xepersian.def 2010/07/25 v0.1 bilingual captions for tocloft pack
age
)
(C:\Users\uyfuyf\AppData\Local\Programs\MiKTeX\tex/xelatex/xepersian\url-xepers
ian.def
File: url-xepersian.def 2022/02/18 v0.1 adaptations for url package
)
(C:\Users\uyfuyf\AppData\Local\Programs\MiKTeX\tex/xelatex/xepersian\book-xeper
sian.def
File: book-xepersian.def 2010/07/25 v0.2 adaptations for standard book class
)
(C:\Users\uyfuyf\AppData\Local\Programs\MiKTeX\tex/xelatex/xepersian\localise-x
epersian.def
File: localise-xepersian.def 2022/06/06 v0.2c Persian localisation of LaTeX2e

(C:\Users\uyfuyf\AppData\Local\Programs\MiKTeX\tex/xelatex/xepersian\latex-loca
lise-commands-xepersian.def
File: latex-localise-commands-xepersian.def 2014/02/05 v0.3 Persian localisatio
n of LaTeX2e commands
)
(C:\Users\uyfuyf\AppData\Local\Programs\MiKTeX\tex/xelatex/xepersian\xepersian-
localise-commands-xepersian.def
File: xepersian-localise-commands-xepersian.def 2012/07/25 v0.2 Persian localis
ation of XePersian commands
)
(C:\Users\uyfuyf\AppData\Local\Programs\MiKTeX\tex/xelatex/xepersian\latex-loca
lise-environments-xepersian.def
File: latex-localise-environments-xepersian.def 2022/06/06 v0.3 Persian localis
ation of LaTeX2e environments
)
(C:\Users\uyfuyf\AppData\Local\Programs\MiKTeX\tex/xelatex/xepersian\xepersian-
localise-environments-xepersian.def
File: xepersian-localise-environments-xepersian.def 2010/07/25 v0.1 Persian loc
alisation of XePersian and bidi environments
)
(C:\Users\uyfuyf\AppData\Local\Programs\MiKTeX\tex/xelatex/xepersian\latex-loca
lise-messages-xepersian.def
File: latex-localise-messages-xepersian.def 2011/03/01 v0.1 localising LaTeX2e 
messages
)
(C:\Users\uyfuyf\AppData\Local\Programs\MiKTeX\tex/xelatex/xepersian\latex-loca
lise-misc-xepersian.def
File: latex-localise-misc-xepersian.def 2012/01/01 v0.2 miscellaneous Persian l
ocalisation of LaTeX2e
)
(C:\Users\uyfuyf\AppData\Local\Programs\MiKTeX\tex/xelatex/xepersian\packages-l
ocalise-xepersian.def
File: packages-localise-xepersian.def 2013/04/24 v0.2 localising LaTeX2e Packag
es

(C:\Users\uyfuyf\AppData\Local\Programs\MiKTeX\tex/xelatex/xepersian\color-loca
lise-xepersian.def
File: color-localise-xepersian.def 2011/03/01 v0.1 localising color package
)))
(C:\Users\uyfuyf\AppData\Local\Programs\MiKTeX\tex/xelatex/bidi\extrafootnotefe
atures-xetex-bidi.def
File: extrafootnotefeatures-xetex-bidi.def 2023/08/02 v2.6 bidi extra footnote 
features for XeTeX engine
\bidi@columnwidth=\dimen331
\footmarkwidth=\skip137
\footinsdim=\skip138
\bidi@absolutepage@count=\count434
\bidi@absolutefootnote@count=\count435
\footinsv@r=\insert251
\footinsv@l=\insert250
\@mpfootinsv@r=\insert249
\@mpfootinsv@l=\insert248
\m@m@k=\count436
\m@m@h=\dimen332
\m@mipn@skip=\skip139
)
(C:\Users\uyfuyf\AppData\Local\Programs\MiKTeX\tex/xelatex/xepersian\extrafootn
otefeatures-xepersian.def
File: extrafootnotefeatures-xepersian.def 2012/01/01 v0.2 footnote macros for e
xtrafootnotefeatures option of xepersian package
)

Package fontspec Info: Font family 'lmroman10-regular(0)' created for font
(fontspec)             'lmroman10-regular' with options
(fontspec)             [Ligatures=TeX,Path,BoldFont={lmroman10-bold},BoldItalic
Font={lmroman10-bolditalic},ItalicFont={lmroman10-italic},SmallCapsFont={lmroma
ncaps10-regular},SlantedFont={lmromanslant10-regular},BoldSlantedFont={lmromans
lant10-bold}].
(fontspec)              
(fontspec)              This font family consists of the following NFSS
(fontspec)             series/shapes:
(fontspec)              
(fontspec)             - 'normal' (m/n) with NFSS spec.:
(fontspec)             <->"[lmroman10-regular]/OT:script=latn;language=dflt;map
ping=tex-text;"
(fontspec)             - 'small caps'  (m/sc) with NFSS spec.:
(fontspec)             <->"[lmromancaps10-regular]/OT:script=latn;language=dflt
;mapping=tex-text;"
(fontspec)             - 'bold' (b/n) with NFSS spec.:
(fontspec)             <->"[lmroman10-bold]/OT:script=latn;language=dflt;mappin
g=tex-text;"
(fontspec)             - 'bold small caps'  (b/sc) with NFSS spec.:
(fontspec)             <->"[lmromancaps10-regular]/OT:script=latn;language=dflt
;mapping=tex-text;"
(fontspec)             - 'italic' (m/it) with NFSS spec.:
(fontspec)             <->"[lmroman10-italic]/OT:script=latn;language=dflt;mapp
ing=tex-text;"
(fontspec)             - 'italic small caps'  (m/scit) with NFSS spec.:
(fontspec)             <->"[lmromancaps10-regular]/OT:script=latn;language=dflt
;mapping=tex-text;"
(fontspec)             - 'slanted' (m/sl) with NFSS spec.:
(fontspec)             <->"[lmromanslant10-regular]/OT:script=latn;language=dfl
t;mapping=tex-text;"
(fontspec)             - 'slanted small caps'  (m/scsl) with NFSS spec.:
(fontspec)             <->"[lmromancaps10-regular]/OT:script=latn;language=dflt
;mapping=tex-text;"
(fontspec)             - 'bold italic' (b/it) with NFSS spec.:
(fontspec)             <->"[lmroman10-bolditalic]/OT:script=latn;language=dflt;
mapping=tex-text;"
(fontspec)             - 'bold italic small caps'  (b/scit) with NFSS spec.:
(fontspec)             <->"[lmromancaps10-regular]/OT:script=latn;language=dflt
;mapping=tex-text;"
(fontspec)             - 'bold slanted' (b/sl) with NFSS spec.:
(fontspec)             <->"[lmromanslant10-bold]/OT:script=latn;language=dflt;m
apping=tex-text;"
(fontspec)             - 'bold slanted small caps'  (b/scsl) with NFSS spec.:
(fontspec)             <->"[lmromancaps10-regular]/OT:script=latn;language=dflt
;mapping=tex-text;"

)

Package fontspec Info: Font family 'IRLotusICEE.ttf(0)' created for font
(fontspec)             'IRLotusICEE.ttf' with options
(fontspec)             [RawFeature={script=arab},Ligatures=PersianTeX,Path={./f
ont/},BoldFont={IRLotusICEE_Bold.ttf},BoldItalicFont={IRLotusICEE_BoldIranic.tt
f},ItalicFont={IRLotusICEE_Iranic.ttf},Scale=1.2].
(fontspec)              
(fontspec)              This font family consists of the following NFSS
(fontspec)             series/shapes:
(fontspec)              
(fontspec)             - 'normal' (m/n) with NFSS spec.:
(fontspec)             <->s*[1.2]"[./font/IRLotusICEE.ttf]/OT:language=dflt;scr
ipt=arab;mapping=persian-tex-text;"
(fontspec)             - 'small caps'  (m/sc) with NFSS spec.: 
(fontspec)             - 'bold' (b/n) with NFSS spec.:
(fontspec)             <->s*[1.2]"[./font/IRLotusICEE_Bold.ttf]/OT:language=dfl
t;script=arab;mapping=persian-tex-text;"
(fontspec)             - 'bold small caps'  (b/sc) with NFSS spec.: 
(fontspec)             - 'italic' (m/it) with NFSS spec.:
(fontspec)             <->s*[1.2]"[./font/IRLotusICEE_Iranic.ttf]/OT:language=d
flt;script=arab;mapping=persian-tex-text;"
(fontspec)             - 'italic small caps'  (m/scit) with NFSS spec.: 
(fontspec)             - 'bold italic' (b/it) with NFSS spec.:
(fontspec)             <->s*[1.2]"[./font/IRLotusICEE_BoldIranic.ttf]/OT:langua
ge=dflt;script=arab;mapping=persian-tex-text;"
(fontspec)             - 'bold italic small caps'  (b/scit) with NFSS spec.: 

LaTeX Font Info:    Font shape `TU/IRLotusICEE.ttf(0)/m/n' will be
(Font)              scaled to size 14.39996pt on input line 122.

Package fontspec Info: Font family 'LiberationSerif-Regular.ttf(0)' created
(fontspec)             for font 'LiberationSerif-Regular.ttf' with options
(fontspec)             [Ligatures=TeX,Path={./font/},BoldFont={LiberationSerif-
Bold.ttf},BoldItalicFont={LiberationSerif-BoldItalic.ttf},ItalicFont={Liberatio
nSerif-Italic.ttf},Scale=1].
(fontspec)              
(fontspec)              This font family consists of the following NFSS
(fontspec)             series/shapes:
(fontspec)              
(fontspec)             - 'normal' (m/n) with NFSS spec.:
(fontspec)             <->s*[1]"[./font/LiberationSerif-Regular.ttf]/OT:script=
latn;language=dflt;mapping=tex-text;"
(fontspec)             - 'small caps'  (m/sc) with NFSS spec.: 
(fontspec)             - 'bold' (b/n) with NFSS spec.:
(fontspec)             <->s*[1]"[./font/LiberationSerif-Bold.ttf]/OT:script=lat
n;language=dflt;mapping=tex-text;"
(fontspec)             - 'bold small caps'  (b/sc) with NFSS spec.: 
(fontspec)             - 'italic' (m/it) with NFSS spec.:
(fontspec)             <->s*[1]"[./font/LiberationSerif-Italic.ttf]/OT:script=l
atn;language=dflt;mapping=tex-text;"
(fontspec)             - 'italic small caps'  (m/scit) with NFSS spec.: 
(fontspec)             - 'bold italic' (b/it) with NFSS spec.:
(fontspec)             <->s*[1]"[./font/LiberationSerif-BoldItalic.ttf]/OT:scri
pt=latn;language=dflt;mapping=tex-text;"
(fontspec)             - 'bold italic small caps'  (b/scit) with NFSS spec.: 

LaTeX Info: Redefining \latinfont on input line 125.

Package fontspec Info: Font family 'IRLotusICEE.ttf(1)' created for font
(fontspec)             'IRLotusICEE.ttf' with options
(fontspec)             [Ligatures=PersianTeX,Path={./font/},Scale=1.2].
(fontspec)              
(fontspec)              This font family consists of the following NFSS
(fontspec)             series/shapes:
(fontspec)              
(fontspec)             - 'normal' (m/n) with NFSS spec.:
(fontspec)             <->s*[1.2]"[./font/IRLotusICEE.ttf]/OT:language=dflt;map
ping=persian-tex-text;"
(fontspec)             - 'small caps'  (m/sc) with NFSS spec.: 

Package xepersian-mathdigitspec Info: DefiningthedefaultPersianmathdigitsfontas
'IRLotusICEE.ttf' on input line 127.
\symOPERATORS=\mathgroup6
\symnew@mathbf@font@digits=\mathgroup7
\symnew@mathit@font@digits=\mathgroup8
\symnew@mathrm@font@digits=\mathgroup9

Package fontspec Info: Font family 'IRLotusICEE_Iranic.ttf(0)' created for
(fontspec)             font 'IRLotusICEE_Iranic.ttf' with options
(fontspec)             [RawFeature={script=arab},Ligatures=PersianTeX,Path={./f
ont/},Scale=1.3].
(fontspec)              
(fontspec)              This font family consists of the following NFSS
(fontspec)             series/shapes:
(fontspec)              
(fontspec)             - 'normal' (m/n) with NFSS spec.:
(fontspec)             <->s*[1.3]"[./font/IRLotusICEE_Iranic.ttf]/OT:language=d
flt;script=arab;mapping=persian-tex-text;"
(fontspec)             - 'small caps'  (m/sc) with NFSS spec.: 

LaTeX Info: Redefining \iranicfamily on input line 128.

Package fontspec Info: Font family 'IRTitr.ttf(0)' created for font
(fontspec)             'IRTitr.ttf' with options
(fontspec)             [Ligatures=PersianTeX,Path={./font/}].
(fontspec)              
(fontspec)              This font family consists of the following NFSS
(fontspec)             series/shapes:
(fontspec)              
(fontspec)             - 'normal' (m/n) with NFSS spec.:
(fontspec)             <->"[./font/IRTitr.ttf]/OT:language=dflt;mapping=persian
-tex-text;"
(fontspec)             - 'small caps'  (m/sc) with NFSS spec.: 

\symnew@mathsf@font@digits=\mathgroup10

Package fontspec Info: Font family 'IRTitr.ttf(1)' created for font
(fontspec)             'IRTitr.ttf' with options
(fontspec)             [RawFeature={script=arab},Ligatures=PersianTeX,Path={./f
ont/},Scale=1].
(fontspec)              
(fontspec)              This font family consists of the following NFSS
(fontspec)             series/shapes:
(fontspec)              
(fontspec)             - 'normal' (m/n) with NFSS spec.:
(fontspec)             <->s*[1]"[./font/IRTitr.ttf]/OT:language=dflt;script=ara
b;mapping=persian-tex-text;"
(fontspec)             - 'small caps'  (m/sc) with NFSS spec.: 

\c@definition=\count437


Package amsthm Warning: Unknown theoremstyle `theorem' on input line 184.

\mylenprt=\skip140
\mylenchp=\skip141
\mylenapp=\skip142
LaTeX Font Info:    Font shape `TU/IRLotusICEE.ttf(0)/m/n' will be
(Font)              scaled to size 17.27994pt on input line 271.
LaTeX Font Info:    Font shape `TU/IRLotusICEE.ttf(0)/bx/n' in size <14.4> not 
available
(Font)              Font shape `TU/IRLotusICEE.ttf(0)/b/n' tried instead on inp
ut line 271.
LaTeX Font Info:    Font shape `TU/IRLotusICEE.ttf(0)/b/n' will be
(Font)              scaled to size 17.27994pt on input line 271.
LaTeX Font Info:    Font shape `TU/IRLotusICEE.ttf(0)/bx/n' in size <12> not av
ailable
(Font)              Font shape `TU/IRLotusICEE.ttf(0)/b/n' tried instead on inp
ut line 272.
LaTeX Font Info:    Font shape `TU/IRLotusICEE.ttf(0)/b/n' will be
(Font)              scaled to size 14.39996pt on input line 272.
) (tex/faTitle.tex) (tex/enTitle.tex) (tex/glossaries-settings.tex
\glswrite=\write129
\glo@main@file=\write130
\openout5 = `main.glo'.

Package glossaries Info: Writing glossary file main.glo on input line 60.
\glo@acronym@file=\write131
\openout5 = `main.acn'.

Package glossaries Info: Writing glossary file main.acn on input line 60.
\glo@english@file=\write132
\openout5 = `main.glo'.

Package glossaries Info: Writing glossary file main.glo on input line 60.
\glo@persian@file=\write133
\openout5 = `main.blo'.

Package glossaries Info: Writing glossary file main.blo on input line 60.
)
(tex/words.tex) (tex/acronyms.tex) (main.aux (tex/chapter1.aux)
(tex/chapter2.aux) (tex/chapter3.aux) (tex/chapter4.aux

LaTeX Warning: Label `fig:class_dist_freq' multiply defined.


LaTeX Warning: Label `fig: sample_ditribution' multiply defined.

))
\openout1 = `main.aux'.

LaTeX Font Info:    Checking defaults for OML/cmm/m/it on input line 26.
LaTeX Font Info:    ... okay on input line 26.
LaTeX Font Info:    Checking defaults for OMS/cmsy/m/n on input line 26.
LaTeX Font Info:    ... okay on input line 26.
LaTeX Font Info:    Checking defaults for OT1/cmr/m/n on input line 26.
LaTeX Font Info:    ... okay on input line 26.
LaTeX Font Info:    Checking defaults for T1/cmr/m/n on input line 26.
LaTeX Font Info:    ... okay on input line 26.
LaTeX Font Info:    Checking defaults for TS1/cmr/m/n on input line 26.
LaTeX Font Info:    Trying to load font information for TS1+cmr on input line 2
6.
 (C:\Users\uyfuyf\AppData\Local\Programs\MiKTeX\tex/latex/base\ts1cmr.fd
File: ts1cmr.fd 2023/04/13 v2.5m Standard LaTeX font definitions
)
LaTeX Font Info:    ... okay on input line 26.
LaTeX Font Info:    Checking defaults for TU/lmr/m/n on input line 26.
LaTeX Font Info:    ... okay on input line 26.
LaTeX Font Info:    Checking defaults for OMX/cmex/m/n on input line 26.
LaTeX Font Info:    ... okay on input line 26.
LaTeX Font Info:    Checking defaults for U/cmr/m/n on input line 26.
LaTeX Font Info:    ... okay on input line 26.
LaTeX Font Info:    Checking defaults for PD1/pdf/m/n on input line 26.
LaTeX Font Info:    ... okay on input line 26.
LaTeX Font Info:    Checking defaults for PU/pdf/m/n on input line 26.
LaTeX Font Info:    ... okay on input line 26.

*geometry* driver: auto-detecting
*geometry* detected driver: xetex
*geometry* verbose mode - [ preamble ] result:
* driver: xetex
* paper: a4paper
* layout: <same size as paper>
* layoutoffset:(h,v)=(0.0pt,0.0pt)
* modes: twoside 
* h-part:(L,W,R)=(99.58464pt, 426.79135pt, 71.13188pt)
* v-part:(T,H,B)=(113.81102pt, 617.4248pt, 113.81102pt)
* \paperwidth=597.50787pt
* \paperheight=845.04684pt
* \textwidth=426.79135pt
* \textheight=617.4248pt
* \oddsidemargin=27.31465pt
* \evensidemargin=-1.1381pt
* \topmargin=9.66724pt
* \headheight=12.0pt
* \headsep=19.8738pt
* \topskip=12.0pt
* \footskip=30.0pt
* \marginparwidth=56.9055pt
* \marginparsep=7.0pt
* \columnsep=10.0pt
* \skip\footins=10.8pt plus 4.0pt minus 2.0pt
* \hoffset=0.0pt
* \voffset=0.0pt
* \mag=1000
* \@twocolumnfalse
* \@twosidetrue
* \@mparswitchtrue
* \@reversemarginfalse
* (1in=72.27pt=25.4mm, 1cm=28.453pt)

\c@lstlisting=\count438
Package caption Info: Begin \AtBeginDocument code.
Package caption Info: subfig package v1.3 is loaded.
Package caption Info: hyperref package is loaded.
Package caption Info: longtable package is loaded.
(C:\Users\uyfuyf\AppData\Local\Programs\MiKTeX\tex/latex/caption\ltcaption.sty
Package: ltcaption 2021/01/08 v1.4c longtable captions (AR)
)
Package caption Info: rotating package is loaded.
Package caption Info: supertabular package is loaded.
Package caption Info: End \AtBeginDocument code.
Package hyperref Info: Link coloring OFF on input line 26.
(main.out) (main.out)
\@outlinefile=\write134
\openout5 = `main.out'.


! Undefined control sequence.
<argument> \sf@counterlist 
                           
l.26 \begin{document}
                     
The control sequence at the end of the top line
of your error message was never \def'ed. If you have
misspelled it (e.g., `\hobx'), type `I' and the correct
spelling (e.g., `I\hbox'). Otherwise just continue,
and I'll forget about whatever was undefined.

(tex/thesis_preamble.tex
! Undefined control sequence.
<argument> \besmPage 
                     \titlePage \davaranPage \esalatPage \mojavezPage \par 
l.13 }
       % end ifoptiondraft
The control sequence at the end of the top line
of your error message was never \def'ed. If you have
misspelled it (e.g., `\hobx'), type `I' and the correct
spelling (e.g., `I\hbox'). Otherwise just continue,
and I'll forget about whatever was undefined.

! Undefined control sequence.
<argument> \besmPage \titlePage 
                                \davaranPage \esalatPage \mojavezPage \par 
l.13 }
       % end ifoptiondraft
The control sequence at the end of the top line
of your error message was never \def'ed. If you have
misspelled it (e.g., `\hobx'), type `I' and the correct
spelling (e.g., `I\hbox'). Otherwise just continue,
and I'll forget about whatever was undefined.

! Undefined control sequence.
<argument> \besmPage \titlePage \davaranPage 
                                             \esalatPage \mojavezPage \par 
l.13 }
       % end ifoptiondraft
The control sequence at the end of the top line
of your error message was never \def'ed. If you have
misspelled it (e.g., `\hobx'), type `I' and the correct
spelling (e.g., `I\hbox'). Otherwise just continue,
and I'll forget about whatever was undefined.

! Undefined control sequence.
<argument> ...\titlePage \davaranPage \esalatPage 
                                                  \mojavezPage \par 
l.13 }
       % end ifoptiondraft
The control sequence at the end of the top line
of your error message was never \def'ed. If you have
misspelled it (e.g., `\hobx'), type `I' and the correct
spelling (e.g., `I\hbox'). Otherwise just continue,
and I'll forget about whatever was undefined.

! Undefined control sequence.
<argument> ...avaranPage \esalatPage \mojavezPage 
                                                  \par 
l.13 }
       % end ifoptiondraft
The control sequence at the end of the top line
of your error message was never \def'ed. If you have
misspelled it (e.g., `\hobx'), type `I' and the correct
spelling (e.g., `I\hbox'). Otherwise just continue,
and I'll forget about whatever was undefined.

LaTeX Font Info:    Font shape `TU/IRLotusICEE.ttf(0)/m/n' will be
(Font)              scaled to size 29.85593pt on input line 18.
LaTeX Font Info:    Font shape `TU/IRLotusICEE.ttf(0)/b/n' will be
(Font)              scaled to size 29.85593pt on input line 18.
(main.toc

LaTeX Font Warning: Font shape `TU/IRLotusICEE.ttf(1)/b/n' undefined
(Font)              using `TU/IRLotusICEE.ttf(1)/m/n' instead on input line 1.

LaTeX Font Info:    Font shape `TU/IRLotusICEE.ttf(1)/m/n' will be
(Font)              scaled to size 14.39996pt on input line 1.
LaTeX Font Info:    Trying to load font information for U+msa on input line 1.
(C:\Users\uyfuyf\AppData\Local\Programs\MiKTeX\tex/latex/amsfonts\umsa.fd
File: umsa.fd 2013/01/14 v3.01 AMS symbols A
)
LaTeX Font Info:    Trying to load font information for U+msb on input line 1.

(C:\Users\uyfuyf\AppData\Local\Programs\MiKTeX\tex/latex/amsfonts\umsb.fd
File: umsb.fd 2013/01/14 v3.01 AMS symbols B
)
LaTeX Font Info:    Font shape `TU/IRLotusICEE.ttf(1)/m/n' will be
(Font)              scaled to size 9.59998pt on input line 1.
LaTeX Font Info:    Font shape `TU/IRLotusICEE.ttf(1)/m/n' will be
(Font)              scaled to size 7.19998pt on input line 1.


LaTeX Font Warning: Font shape `TU/IRLotusICEE.ttf(1)/bx/n' undefined
(Font)              using `TU/IRLotusICEE.ttf(1)/m/n' instead on input line 1.

LaTeX Font Info:    Font shape `TU/IRLotusICEE.ttf(1)/bx/n' will be
(Font)              scaled to size 9.59998pt on input line 1.
LaTeX Font Info:    Font shape `TU/IRLotusICEE.ttf(1)/bx/n' will be
(Font)              scaled to size 7.19998pt on input line 1.

LaTeX Font Warning: Font shape `TU/IRLotusICEE.ttf(1)/m/it' undefined
(Font)              using `TU/IRLotusICEE.ttf(1)/m/n' instead on input line 1.

LaTeX Font Info:    Font shape `TU/IRLotusICEE.ttf(1)/m/it' will be
(Font)              scaled to size 9.59998pt on input line 1.
LaTeX Font Info:    Font shape `TU/IRLotusICEE.ttf(1)/m/it' will be
(Font)              scaled to size 7.19998pt on input line 1.
LaTeX Font Info:    Font shape `TU/IRLotusICEE.ttf(1)/b/n' will be
(Font)              scaled to size 14.39996pt on input line 1.
LaTeX Font Info:    Font shape `TU/LiberationSerif-Regular.ttf(0)/m/n' will be
(Font)              scaled to size 12.0pt on input line 14.

Underfull \vbox (badness 5970) has occurred while \output is active []



Package morewrites Warning: File 'main.mw' exists, using 'main1.mw' instead.


Package morewrites Warning: File 'main1.mw' exists, using 'main2.mw' instead.


Package morewrites Warning: File 'main2.mw' exists, using 'main3.mw' instead.


Package morewrites Warning: File 'main3.mw' exists, using 'main4.mw' instead.


Package morewrites Warning: File 'main4.mw' exists, using 'main5.mw' instead.


Package morewrites Warning: File 'main5.mw' exists, using 'main6.mw' instead.


Package morewrites Warning: File 'main6.mw' exists, using 'main7.mw' instead.


Package morewrites Warning: File 'main7.mw' exists, using 'main8.mw' instead.


Package morewrites Warning: File 'main8.mw' exists, using 'main9.mw' instead.


Package morewrites Warning: File 'main9.mw' exists, using 'main10.mw' instead.


Package morewrites Warning: File 'main10.mw' exists, using 'main11.mw'
(morewrites)                instead.


Package morewrites Warning: File 'main11.mw' exists, using 'main12.mw'
(morewrites)                instead.


Package morewrites Warning: File 'main12.mw' exists, using 'main13.mw'
(morewrites)                instead.


Package morewrites Warning: File 'main13.mw' exists, using 'main14.mw'
(morewrites)                instead.


Package morewrites Warning: File 'main14.mw' exists, using 'main15.mw'
(morewrites)                instead.


Package morewrites Warning: File 'main15.mw' exists, using 'main16.mw'
(morewrites)                instead.


Package morewrites Warning: File 'main16.mw' exists, using 'main17.mw'
(morewrites)                instead.


Package morewrites Warning: File 'main17.mw' exists, using 'main18.mw'
(morewrites)                instead.


Package morewrites Warning: File 'main18.mw' exists, using 'main19.mw'
(morewrites)                instead.


Package morewrites Warning: File 'main19.mw' exists, using 'main20.mw'
(morewrites)                instead.


Package morewrites Warning: File 'main20.mw' exists, using 'main21.mw'
(morewrites)                instead.


Package morewrites Warning: File 'main21.mw' exists, using 'main22.mw'
(morewrites)                instead.


Package morewrites Warning: File 'main22.mw' exists, using 'main23.mw'
(morewrites)                instead.


Package morewrites Warning: File 'main23.mw' exists, using 'main24.mw'
(morewrites)                instead.


Package morewrites Warning: File 'main24.mw' exists, using 'main25.mw'
(morewrites)                instead.


Package morewrites Warning: File 'main25.mw' exists, using 'main26.mw'
(morewrites)                instead.


Package morewrites Warning: File 'main26.mw' exists, using 'main27.mw'
(morewrites)                instead.


Package morewrites Warning: File 'main27.mw' exists, using 'main28.mw'
(morewrites)                instead.


Package morewrites Warning: File 'main28.mw' exists, using 'main29.mw'
(morewrites)                instead.

\openout5 = `main29.mw'.

[1

] (main29.mw)
\openout5 = `main29.mw'.

\openout5 = `main.xdy'.

\openout5 = `main29.mw'.

\openout5 = `main29.mw'.

\openout5 = `main29.mw'.

\openout5 = `main29.mw'.

\openout5 = `main29.mw'.

\openout5 = `main29.mw'.

\openout5 = `main29.mw'.

\openout5 = `main29.mw'.

\openout5 = `main29.mw'.

\openout5 = `main29.mw'.

\openout5 = `main29.mw'.

\openout5 = `main29.mw'.

\openout5 = `main29.mw'.

\openout5 = `main29.mw'.

\openout5 = `main29.mw'.

\openout5 = `main29.mw'.

\openout5 = `main29.mw'.

\openout5 = `main29.mw'.

\openout5 = `main29.mw'.

\openout5 = `main29.mw'.

\openout5 = `main29.mw'.

\openout5 = `main29.mw'.

\openout5 = `main29.mw'.

\openout5 = `main29.mw'.

\openout5 = `main29.mw'.

\openout5 = `main29.mw'.

\openout5 = `main29.mw'.

\openout5 = `main29.mw'.

\openout5 = `main29.mw'.

\openout5 = `main29.mw'.

\openout5 = `main29.mw'.

\openout5 = `main29.mw'.

\openout5 = `main29.mw'.

\openout5 = `main29.mw'.

\openout5 = `main29.mw'.

\openout5 = `main29.mw'.

\openout5 = `main29.mw'.

\openout5 = `main29.mw'.

\openout5 = `main29.mw'.

\openout5 = `main29.mw'.

\openout5 = `main29.mw'.

\openout5 = `main29.mw'.

\openout5 = `main29.mw'.

\openout5 = `main29.mw'.

\openout5 = `main29.mw'.

\openout5 = `main29.mw'.

\openout5 = `main29.mw'.

\openout5 = `main29.mw'.

\openout5 = `main29.mw'.

\openout5 = `main29.mw'.

\openout5 = `main29.mw'.

\openout5 = `main29.mw'.

\openout5 = `main29.mw'.

\openout5 = `main29.mw'.

\openout5 = `main29.mw'.

\openout5 = `main29.mw'.

\openout5 = `main29.mw'.

\openout5 = `main29.mw'.

\openout5 = `main29.mw'.

\openout5 = `main29.mw'.

\openout5 = `main29.mw'.

\openout5 = `main29.mw'.

\openout5 = `main29.mw'.

\openout5 = `main29.mw'.

\openout5 = `main29.mw'.

\openout5 = `main29.mw'.

\openout5 = `main29.mw'.

\openout5 = `main29.mw'.

\openout5 = `main29.mw'.

\openout5 = `main29.mw'.

\openout5 = `main29.mw'.

\openout5 = `main29.mw'.

\openout5 = `main29.mw'.

\openout5 = `main29.mw'.

\openout5 = `main29.mw'.

\openout5 = `main29.mw'.

\openout5 = `main29.mw'.

\openout5 = `main29.mw'.

\openout5 = `main29.mw'.

\openout5 = `main29.mw'.

\openout5 = `main29.mw'.

\openout5 = `main29.mw'.

\openout5 = `main29.mw'.

\openout5 = `main29.mw'.

\openout5 = `main29.mw'.

\openout5 = `main29.mw'.

\openout5 = `main29.mw'.

\openout5 = `main29.mw'.

\openout5 = `main29.mw'.

\openout5 = `main29.mw'.

\openout5 = `main29.mw'.

\openout5 = `main29.mw'.

\openout5 = `main29.mw'.

\openout5 = `main29.mw'.

\openout5 = `main29.mw'.

\openout5 = `main29.mw'.

\openout5 = `main29.mw'.

\openout5 = `main29.mw'.

\openout5 = `main29.mw'.

\openout5 = `main29.mw'.

\openout5 = `main29.mw'.

\openout5 = `main29.mw'.

\openout5 = `main29.mw'.

\openout5 = `main29.mw'.

\openout5 = `main29.mw'.

\openout5 = `main29.mw'.

\openout5 = `main29.mw'.

\openout5 = `main29.mw'.

\openout5 = `main29.mw'.

\openout5 = `main29.mw'.

\openout5 = `main29.mw'.

\openout5 = `main29.mw'.

\openout5 = `main29.mw'.

\openout5 = `main29.mw'.

\openout5 = `main29.mw'.

\openout5 = `main29.mw'.

\openout5 = `main29.mw'.

\openout5 = `main29.mw'.

\openout5 = `main29.mw'.

\openout5 = `main29.mw'.

\openout5 = `main29.mw'.

\openout5 = `main29.mw'.

\openout5 = `main29.mw'.

\openout5 = `main29.mw'.

\openout5 = `main29.mw'.

\openout5 = `main29.mw'.

\openout5 = `main29.mw'.

\openout5 = `main29.mw'.

\openout5 = `main29.mw'.

\openout5 = `main29.mw'.

\openout5 = `main29.mw'.

\openout5 = `main29.mw'.

\openout5 = `main29.mw'.

\openout5 = `main29.mw'.

\openout5 = `main29.mw'.

\openout5 = `main29.mw'.

\openout5 = `main29.mw'.

\openout5 = `main29.mw'.

\openout5 = `main29.mw'.

\openout5 = `main29.mw'.

\openout5 = `main29.mw'.

\openout5 = `main29.mw'.

\openout5 = `main29.mw'.

\openout5 = `main29.mw'.

\openout5 = `main29.mw'.

\openout5 = `main29.mw'.

\openout5 = `main29.mw'.

\openout5 = `main29.mw'.

\openout5 = `main29.mw'.

\openout5 = `main29.mw'.

\openout5 = `main29.mw'.

\openout5 = `main29.mw'.

\openout5 = `main29.mw'.

\openout5 = `main29.mw'.

\openout5 = `main29.mw'.

\openout5 = `main29.mw'.

\openout5 = `main29.mw'.

\openout5 = `main29.mw'.

\openout5 = `main29.mw'.

\openout5 = `main29.mw'.

\openout5 = `main29.mw'.

\openout5 = `main29.mw'.

\openout5 = `main29.mw'.

\openout5 = `main29.mw'.

\openout5 = `main29.mw'.

\openout5 = `main29.mw'.

\openout5 = `main29.mw'.

\openout5 = `main29.mw'.

\openout5 = `main29.mw'.

\openout5 = `main29.mw'.

\openout5 = `main29.mw'.

\openout5 = `main29.mw'.

\openout5 = `main29.mw'.

\openout5 = `main29.mw'.

\openout5 = `main29.mw'.

\openout5 = `main29.mw'.

\openout5 = `main29.mw'.

\openout5 = `main29.mw'.

\openout5 = `main29.mw'.

\openout5 = `main29.mw'.

\openout5 = `main29.mw'.

\openout5 = `main29.mw'.

\openout5 = `main29.mw'.

\openout5 = `main29.mw'.

\openout5 = `main29.mw'.

\openout5 = `main29.mw'.

\openout5 = `main29.mw'.

\openout5 = `main29.mw'.

\openout5 = `main29.mw'.

\openout5 = `main29.mw'.

\openout5 = `main29.mw'.

\openout5 = `main29.mw'.

\openout5 = `main29.mw'.

\openout5 = `main29.mw'.

\openout5 = `main29.mw'.

\openout5 = `main29.mw'.

\openout5 = `main29.mw'.

\openout5 = `main29.mw'.

\openout5 = `main29.mw'.

\openout5 = `main29.mw'.

\openout5 = `main29.mw'.

\openout5 = `main29.mw'.

\openout5 = `main29.mw'.

\openout5 = `main29.mw'.

\openout5 = `main29.mw'.

\openout5 = `main29.mw'.

\openout5 = `main29.mw'.

\openout5 = `main29.mw'.

\openout5 = `main29.mw'.

\openout5 = `main29.mw'.

\openout5 = `main29.mw'.

\openout5 = `main29.mw'.

\openout5 = `main29.mw'.

\openout5 = `main29.mw'.

\openout5 = `main29.mw'.

\openout5 = `main29.mw'.

\openout5 = `main29.mw'.

\openout5 = `main29.mw'.

\openout5 = `main29.mw'.

\openout5 = `main29.mw'.

\openout5 = `main29.mw'.

\openout5 = `main29.mw'.

\openout5 = `main29.mw'.

\openout5 = `main29.mw'.

\openout5 = `main29.mw'.

\openout5 = `main29.mw'.

\openout5 = `main.xdy'.


Underfull \vbox (badness 3039) has occurred while \output is active []

LaTeX Font Info:    Font shape `TU/IRLotusICEE.ttf(0)/m/n' will be
(Font)              scaled to size 11.99997pt on input line 46.
LaTeX Font Info:    Font shape `TU/LiberationSerif-Regular.ttf(0)/m/n' will be
(Font)              scaled to size 10.0pt on input line 46.
LaTeX Font Info:    Font shape `TU/IRLotusICEE.ttf(0)/m/n' will be
(Font)              scaled to size 13.13995pt on input line 46.


Package fancyhdr Warning: \headheight is too small (12.0pt): 
(fancyhdr)                Make it at least 14.40665pt, for example:
(fancyhdr)                \setlength{\headheight}{14.40665pt}.
(fancyhdr)                You might also make \topmargin smaller to compensate:

(fancyhdr)                \addtolength{\topmargin}{-2.40665pt}.

\openout5 = `main29.mw'.

[2] (main29.mw)
\openout5 = `main29.mw'.

)
\tf@toc=\write135
\openout5 = `main.toc'.



Package fancyhdr Warning: \headheight is too small (12.0pt): 
(fancyhdr)                Make it at least 14.40665pt, for example:
(fancyhdr)                \setlength{\headheight}{14.40665pt}.
(fancyhdr)                You might also make \topmargin smaller to compensate:

(fancyhdr)                \addtolength{\topmargin}{-2.40665pt}.

\openout5 = `main29.mw'.

[3] (main29.mw)
\openout5 = `main29.mw'.

)
\openout2 = `./tex/chapter1.aux'.

 (tex/chapter1.tex
فصل 1.
LaTeX Font Info:    Font shape `TU/IRLotusICEE.ttf(1)/b/n' will be
(Font)              scaled to size 29.85593pt on input line 1.
LaTeX Font Info:    Font shape `TU/IRLotusICEE.ttf(0)/m/n' will be
(Font)              scaled to size 9.59998pt on input line 5.
LaTeX Font Info:    Font shape `TU/IRLotusICEE.ttf(1)/m/n' will be
(Font)              scaled to size 11.99997pt on input line 5.
LaTeX Font Info:    Font shape `TU/IRLotusICEE.ttf(1)/m/n' will be
(Font)              scaled to size 8.39998pt on input line 5.
LaTeX Font Info:    Font shape `TU/IRLotusICEE.ttf(1)/m/n' will be
(Font)              scaled to size 5.99998pt on input line 5.
LaTeX Font Info:    Font shape `TU/IRLotusICEE.ttf(1)/bx/n' will be
(Font)              scaled to size 11.99997pt on input line 5.
LaTeX Font Info:    Font shape `TU/IRLotusICEE.ttf(1)/bx/n' will be
(Font)              scaled to size 8.39998pt on input line 5.
LaTeX Font Info:    Font shape `TU/IRLotusICEE.ttf(1)/bx/n' will be
(Font)              scaled to size 5.99998pt on input line 5.
LaTeX Font Info:    Font shape `TU/IRLotusICEE.ttf(1)/m/it' will be
(Font)              scaled to size 11.99997pt on input line 5.
LaTeX Font Info:    Font shape `TU/IRLotusICEE.ttf(1)/m/it' will be
(Font)              scaled to size 8.39998pt on input line 5.
LaTeX Font Info:    Font shape `TU/IRLotusICEE.ttf(1)/m/it' will be
(Font)              scaled to size 5.99998pt on input line 5.
LaTeX Font Info:    Font shape `TU/LiberationSerif-Regular.ttf(0)/m/n' will be
(Font)              scaled to size 7.0pt on input line 5.
LaTeX Font Info:    Font shape `TU/IRLotusICEE.ttf(1)/bx/n' will be
(Font)              scaled to size 14.39996pt on input line 5.
LaTeX Font Info:    Font shape `TU/IRLotusICEE.ttf(1)/m/it' will be
(Font)              scaled to size 14.39996pt on input line 5.

Underfull \vbox (badness 10000) has occurred while \output is active []

\openout5 = `main29.mw'.

 [1



]
(main29.mw)
\openout5 = `main29.mw'.

\openout5 = `main29.mw'.

\openout5 = `main29.mw'.

)
LaTeX Font Info:    Font shape `TU/IRLotusICEE.ttf(1)/m/n' will be
(Font)              scaled to size 13.13995pt on input line 39.


Package fancyhdr Warning: \headheight is too small (12.0pt): 
(fancyhdr)                Make it at least 14.40665pt, for example:
(fancyhdr)                \setlength{\headheight}{14.40665pt}.
(fancyhdr)                You might also make \topmargin smaller to compensate:

(fancyhdr)                \addtolength{\topmargin}{-2.40665pt}.

\openout5 = `main29.mw'.

[2] (main29.mw)
\openout5 = `main29.mw'.

\openout2 = `./tex/chapter2.aux'.

 (tex/chapter2.tex
فصل 2.
LaTeX Font Info:    Font shape `TU/IRLotusICEE.ttf(0)/m/n' will be
(Font)              scaled to size 20.73593pt on input line 9.
LaTeX Font Info:    Font shape `TU/IRLotusICEE.ttf(0)/b/n' will be
(Font)              scaled to size 20.73593pt on input line 9.
LaTeX Font Info:    Font shape `TU/IRLotusICEE.ttf(1)/b/n' will be
(Font)              scaled to size 20.73593pt on input line 9.

Overfull \hbox (4.93333pt too wide) in paragraph at lines 11--12
[]\TU/IRLotusICEE.ttf(0)/m/n/12 زیست‌محیطی ارائه می‌دهند. تشخیص علائم راهنمایی 
و رانندگی، به عنوان یکی از حوزه‌های کلیدی در سیستم‌های[]
 []


Underfull \vbox (badness 10000) has occurred while \output is active []

\openout5 = `main29.mw'.

 [3




]
(main29.mw)
\openout5 = `main29.mw'.

\openout5 = `main29.mw'.

\openout5 = `main29.mw'.

\openout5 = `main29.mw'.

\openout5 = `main29.mw'.



Package fancyhdr Warning: \headheight is too small (12.0pt): 
(fancyhdr)                Make it at least 14.89014pt, for example:
(fancyhdr)                \setlength{\headheight}{14.89014pt}.
(fancyhdr)                You might also make \topmargin smaller to compensate:

(fancyhdr)                \addtolength{\topmargin}{-2.89014pt}.

\openout5 = `main29.mw'.

[4] (main29.mw)
\openout5 = `main29.mw'.

\openout5 = `main29.mw'.

\openout5 = `main29.mw'.


Underfull \vbox (badness 10000) has occurred while \output is active []



Package fancyhdr Warning: \headheight is too small (12.0pt): 
(fancyhdr)                Make it at least 14.89014pt, for example:
(fancyhdr)                \setlength{\headheight}{14.89014pt}.
(fancyhdr)                You might also make \topmargin smaller to compensate:

(fancyhdr)                \addtolength{\topmargin}{-2.89014pt}.

\openout5 = `main29.mw'.

[5] (main29.mw)
\openout5 = `main29.mw'.



Package fancyhdr Warning: \headheight is too small (12.0pt): 
(fancyhdr)                Make it at least 14.89014pt, for example:
(fancyhdr)                \setlength{\headheight}{14.89014pt}.
(fancyhdr)                You might also make \topmargin smaller to compensate:

(fancyhdr)                \addtolength{\topmargin}{-2.89014pt}.

\openout5 = `main29.mw'.

[6] (main29.mw)
\openout5 = `main29.mw'.

\openout5 = `main29.mw'.

\openout5 = `main29.mw'.



Package fancyhdr Warning: \headheight is too small (12.0pt): 
(fancyhdr)                Make it at least 14.89014pt, for example:
(fancyhdr)                \setlength{\headheight}{14.89014pt}.
(fancyhdr)                You might also make \topmargin smaller to compensate:

(fancyhdr)                \addtolength{\topmargin}{-2.89014pt}.

\openout5 = `main29.mw'.

[7] (main29.mw)
\openout5 = `main29.mw'.


Underfull \vbox (badness 3219) has occurred while \output is active []



Package fancyhdr Warning: \headheight is too small (12.0pt): 
(fancyhdr)                Make it at least 14.89014pt, for example:
(fancyhdr)                \setlength{\headheight}{14.89014pt}.
(fancyhdr)                You might also make \topmargin smaller to compensate:

(fancyhdr)                \addtolength{\topmargin}{-2.89014pt}.

\openout5 = `main29.mw'.

[8] (main29.mw)
\openout5 = `main29.mw'.



Package fancyhdr Warning: \headheight is too small (12.0pt): 
(fancyhdr)                Make it at least 14.89014pt, for example:
(fancyhdr)                \setlength{\headheight}{14.89014pt}.
(fancyhdr)                You might also make \topmargin smaller to compensate:

(fancyhdr)                \addtolength{\topmargin}{-2.89014pt}.

\openout5 = `main29.mw'.

[9] (main29.mw)
\openout5 = `main29.mw'.


Overfull \hbox (1.38226pt too wide) in paragraph at lines 57--58
[]\TU/IRLotusICEE.ttf(0)/m/n/12 [[][][]\TU/IRLotusICEE.ttf(1)/m/it/12 ۲۷[][][]\
TU/IRLotusICEE.ttf(0)/m/n/12 ] بود که به‌عنوان جایگزینی برای روش‌های سنتی مبتنی
 بر []\TU/LiberationSerif-Regular.ttf(0)/m/n/12 CNN[] \TU/IRLotusICEE.ttf(0)/m/
n/12 معرفی شد. مدل []\TU/LiberationSerif-Regular.ttf(0)/m/n/12 DETR[] \TU/IRLot
usICEE.ttf(0)/m/n/12 با حذف فرآیندهای[]
 []


Package fancyhdr Warning: \headheight is too small (12.0pt): 
(fancyhdr)                Make it at least 14.89014pt, for example:
(fancyhdr)                \setlength{\headheight}{14.89014pt}.
(fancyhdr)                You might also make \topmargin smaller to compensate:

(fancyhdr)                \addtolength{\topmargin}{-2.89014pt}.

\openout5 = `main29.mw'.

[10] (main29.mw)
\openout5 = `main29.mw'.

\openout5 = `main29.mw'.

\openout5 = `main29.mw'.


Underfull \vbox (badness 10000) has occurred while \output is active []



Package fancyhdr Warning: \headheight is too small (12.0pt): 
(fancyhdr)                Make it at least 14.89014pt, for example:
(fancyhdr)                \setlength{\headheight}{14.89014pt}.
(fancyhdr)                You might also make \topmargin smaller to compensate:

(fancyhdr)                \addtolength{\topmargin}{-2.89014pt}.

\openout5 = `main29.mw'.

[11] (main29.mw)
\openout5 = `main29.mw'.


! Misplaced alignment tab character &.
l.88     \item \label{ref:Zadeh} Zadeh, A., &
                                              Kasvand, B. (1998). "Geometric...
I can't figure out why you would want to use a tab mark
here. If you just want an ampersand, the remedy is
simple: Just type `I\&' now. But if some right brace
up above has ended a previous alignment prematurely,
you're probably due for more error messages, and you
might try typing `S' now just to see what is salvageable.

! Misplaced alignment tab character &.
l.89 ...\item \label{ref:Ellmeyer} Ellmeyer, W., &
                                                   Zwahlen, (1994). "The fir...
I can't figure out why you would want to use a tab mark
here. If you just want an ampersand, the remedy is
simple: Just type `I\&' now. But if some right brace
up above has ended a previous alignment prematurely,
you're probably due for more error messages, and you
might try typing `S' now just to see what is salvageable.

! Misplaced alignment tab character &.
l.90 ...\item \label{ref:Escalera} Escalera, S., &
                                                   Others. (2003). "A hybrid...
I can't figure out why you would want to use a tab mark
here. If you just want an ampersand, the remedy is
simple: Just type `I\&' now. But if some right brace
up above has ended a previous alignment prematurely,
you're probably due for more error messages, and you
might try typing `S' now just to see what is salvageable.


Package fancyhdr Warning: \headheight is too small (12.0pt): 
(fancyhdr)                Make it at least 14.89014pt, for example:
(fancyhdr)                \setlength{\headheight}{14.89014pt}.
(fancyhdr)                You might also make \topmargin smaller to compensate:

(fancyhdr)                \addtolength{\topmargin}{-2.89014pt}.

\openout5 = `main29.mw'.

[12] (main29.mw)
\openout5 = `main29.mw'.

\openout5 = `main29.mw'.

\openout5 = `main29.mw'.


! Misplaced alignment tab character &.
l.95 ...allkamp, J., Schlipsing, M., Salmen, J., &
                                                   Igel, C. (2011). "Man vs....
I can't figure out why you would want to use a tab mark
here. If you just want an ampersand, the remedy is
simple: Just type `I\&' now. But if some right brace
up above has ended a previous alignment prematurely,
you're probably due for more error messages, and you
might try typing `S' now just to see what is salvageable.

! Misplaced alignment tab character &.
l.96 ...\item \label{ref:Sermanet} Sermanet, P., &
                                                   LeCun, Y. (2011). "Traffi...
I can't figure out why you would want to use a tab mark
here. If you just want an ampersand, the remedy is
simple: Just type `I\&' now. But if some right brace
up above has ended a previous alignment prematurely,
you're probably due for more error messages, and you
might try typing `S' now just to see what is salvageable.

! Misplaced alignment tab character &.
l.97 ...eier, U., Masci, J., Gambardella, L. M., &
                                                   Schmidhuber, J. (2012). "...
I can't figure out why you would want to use a tab mark
here. If you just want an ampersand, the remedy is
simple: Just type `I\&' now. But if some right brace
up above has ended a previous alignment prematurely,
you're probably due for more error messages, and you
might try typing `S' now just to see what is salvageable.

! Misplaced alignment tab character &.
l.101     \item \label{ref:HOG} Dalal, N., &
                                             Triggs, B. (2005). "Histograms ...
I can't figure out why you would want to use a tab mark
here. If you just want an ampersand, the remedy is
simple: Just type `I\&' now. But if some right brace
up above has ended a previous alignment prematurely,
you're probably due for more error messages, and you
might try typing `S' now just to see what is salvageable.

! Misplaced alignment tab character &.
l.102 ...ref:Ren} Ren, S., He, K., Girshick, R., &
                                                   Sun, J. (2015). "Faster R...
I can't figure out why you would want to use a tab mark
here. If you just want an ampersand, the remedy is
simple: Just type `I\&' now. But if some right brace
up above has ended a previous alignment prematurely,
you're probably due for more error messages, and you
might try typing `S' now just to see what is salvageable.

! Misplaced alignment tab character &.
l.104     \item \label{ref:Zhu} Zhu, H., &
                                           Li, D. (2020). "Traffic sign dete...
I can't figure out why you would want to use a tab mark
here. If you just want an ampersand, the remedy is
simple: Just type `I\&' now. But if some right brace
up above has ended a previous alignment prematurely,
you're probably due for more error messages, and you
might try typing `S' now just to see what is salvageable.

! Misplaced alignment tab character &.
l.105 ...:Li} Li, X., Xie, Z., Deng, X., Wu, Y., &
                                                   Pi, Y. (2021). "Traffic s...
I can't figure out why you would want to use a tab mark
here. If you just want an ampersand, the remedy is
simple: Just type `I\&' now. But if some right brace
up above has ended a previous alignment prematurely,
you're probably due for more error messages, and you
might try typing `S' now just to see what is salvageable.


Package fancyhdr Warning: \headheight is too small (12.0pt): 
(fancyhdr)                Make it at least 14.89014pt, for example:
(fancyhdr)                \setlength{\headheight}{14.89014pt}.
(fancyhdr)                You might also make \topmargin smaller to compensate:

(fancyhdr)                \addtolength{\topmargin}{-2.89014pt}.

\openout5 = `main29.mw'.

[13] (main29.mw)
\openout5 = `main29.mw'.


! Misplaced alignment tab character &.
l.106 ... Redmon, J., Divvala, S., Girshick, R., &
                                                   Farhadi, A. (2016). "You ...
I can't figure out why you would want to use a tab mark
here. If you just want an ampersand, the remedy is
simple: Just type `I\&' now. But if some right brace
up above has ended a previous alignment prematurely,
you're probably due for more error messages, and you
might try typing `S' now just to see what is salvageable.

! Misplaced alignment tab character &.
l.107 ...ef:Jiang} Jiang, L., Zhan, P., Bai, T., &
                                                   Yu, H. (2024). "YOLO-CCA:...
I can't figure out why you would want to use a tab mark
here. If you just want an ampersand, the remedy is
simple: Just type `I\&' now. But if some right brace
up above has ended a previous alignment prematurely,
you're probably due for more error messages, and you
might try typing `S' now just to see what is salvageable.

! Misplaced alignment tab character &.
l.108 ...hang, R., Lyu, N., Guo, Y., Dai, H.-N., &
                                                   Yan, H. (2024). "YOLO-TS:...
I can't figure out why you would want to use a tab mark
here. If you just want an ampersand, the remedy is
simple: Just type `I\&' now. But if some right brace
up above has ended a previous alignment prematurely,
you're probably due for more error messages, and you
might try typing `S' now just to see what is salvageable.

! Misplaced alignment tab character &.
l.109 ...{ref:Wang} Wang, J., Chen, Y., Gao, M., &
                                                   Dong, Z. (2021). "Improve...
I can't figure out why you would want to use a tab mark
here. If you just want an ampersand, the remedy is
simple: Just type `I\&' now. But if some right brace
up above has ended a previous alignment prematurely,
you're probably due for more error messages, and you
might try typing `S' now just to see what is salvageable.


Overfull \hbox (6.11456pt too wide) in paragraph at lines 110--111
[][]\TU/LiberationSerif-Regular.ttf(0)/m/n/12 LISA: Laboratory for Intelligent 
and Safe Automobiles. ”LISA Traffic Sign Dataset.” []
 []

! Misplaced alignment tab character &.
l.111 ...Chu, J., Zhang, C., Yan, M., Zhang, H., &
                                                   Ge, T. (2023). "TRD-YOLO:...
I can't figure out why you would want to use a tab mark
here. If you just want an ampersand, the remedy is
simple: Just type `I\&' now. But if some right brace
up above has ended a previous alignment prematurely,
you're probably due for more error messages, and you
might try typing `S' now just to see what is salvageable.


Package fancyhdr Warning: \headheight is too small (12.0pt): 
(fancyhdr)                Make it at least 14.89014pt, for example:
(fancyhdr)                \setlength{\headheight}{14.89014pt}.
(fancyhdr)                You might also make \topmargin smaller to compensate:

(fancyhdr)                \addtolength{\topmargin}{-2.89014pt}.

\openout5 = `main29.mw'.

[14] (main29.mw)
\openout5 = `main29.mw'.


! Misplaced alignment tab character &.
l.117 ...arzinpour} Farzinpour, M., Rahmani, H., &
                                                   Ebrahimi, M. (2023). "Loc...
I can't figure out why you would want to use a tab mark
here. If you just want an ampersand, the remedy is
simple: Just type `I\&' now. But if some right brace
up above has ended a previous alignment prematurely,
you're probably due for more error messages, and you
might try typing `S' now just to see what is salvageable.

)

Package fancyhdr Warning: \headheight is too small (12.0pt): 
(fancyhdr)                Make it at least 14.89014pt, for example:
(fancyhdr)                \setlength{\headheight}{14.89014pt}.
(fancyhdr)                You might also make \topmargin smaller to compensate:

(fancyhdr)                \addtolength{\topmargin}{-2.89014pt}.

\openout5 = `main29.mw'.

[15] (main29.mw)
\openout5 = `main29.mw'.

\openout2 = `./tex/chapter3.aux'.

 (tex/chapter3.tex
\openout5 = `main29.mw'.

 [16




] (main29.mw)
\openout5 = `main29.mw'.


فصل 3.
LaTeX Font Info:    Font shape `TU/IRLotusICEE.ttf(0)/m/n' will be
(Font)              scaled to size 8.39998pt on input line 39.

Overfull \hbox (0.64459pt too wide) in paragraph at lines 39--40
[][]\TU/IRLotusICEE.ttf(0)/m/n/12 فرآیند تغییر اندازه تصاویر به این صورت است که
 تمامی تصاویر ورودی به ابعاد ثابت $\OT1/cmr/m/n/12 (\OML/cmm/m/it/12 N \OMS/cms
y/m/n/12 ^^B \OML/cmm/m/it/12 N\OT1/cmr/m/n/12 )$ \TU/IRLotusICEE.ttf(0)/m/n/12
 بازنمونه‌گیری[]
 []

\openout5 = `main29.mw'.

[17] (main29.mw)
\openout5 = `main29.mw'.

\openout5 = `main29.mw'.

\openout5 = `main29.mw'.

\openout5 = `main29.mw'.

\openout5 = `main29.mw'.

\openout5 = `main29.mw'.

\openout5 = `main29.mw'.


Overfull \hbox (0.8837pt too wide) in paragraph at lines 51--52
[][]\TU/IRLotusICEE.ttf(0)/m/n/12 در مرحله نرمال‌سازی، مقادیر پیکسل‌ها که معمول
اً در بازه $\OT1/cmr/m/n/12 [[]\OML/cmm/m/it/12 ; [][][]\OT1/cmr/m/n/12 ]$ \TU/
IRLotusICEE.ttf(0)/m/n/12 قرار دارند، به بازه $\OT1/cmr/m/n/12 [[]\OML/cmm/m/it
/12 ; []\OT1/cmr/m/n/12 ]$ \TU/IRLotusICEE.ttf(0)/m/n/12 نگاشت می‌شوند: []
 []

LaTeX Font Info:    Font shape `TU/IRLotusICEE.ttf(0)/m/n' will be
(Font)              scaled to size 7.19998pt on input line 63.

Package fancyhdr Warning: \headheight is too small (12.0pt): 
(fancyhdr)                Make it at least 14.40665pt, for example:
(fancyhdr)                \setlength{\headheight}{14.40665pt}.
(fancyhdr)                You might also make \topmargin smaller to compensate:

(fancyhdr)                \addtolength{\topmargin}{-2.40665pt}.

\openout5 = `main29.mw'.

[18] (main29.mw)
\openout5 = `main29.mw'.



Package fancyhdr Warning: \headheight is too small (12.0pt): 
(fancyhdr)                Make it at least 14.40665pt, for example:
(fancyhdr)                \setlength{\headheight}{14.40665pt}.
(fancyhdr)                You might also make \topmargin smaller to compensate:

(fancyhdr)                \addtolength{\topmargin}{-2.40665pt}.

\openout5 = `main29.mw'.

[19] (main29.mw)
\openout5 = `main29.mw'.


Overfull \hbox (38.07637pt too wide) in paragraph at lines 87--87
[][]\TU/IRLotusICEE.ttf(0)/b/n/17.28 بهبود بینایی ماشین با ادغام درک معنایی، اس
تدلال شناختی و روان‌فیزیک []
 []


Package fancyhdr Warning: \headheight is too small (12.0pt): 
(fancyhdr)                Make it at least 14.40665pt, for example:
(fancyhdr)                \setlength{\headheight}{14.40665pt}.
(fancyhdr)                You might also make \topmargin smaller to compensate:

(fancyhdr)                \addtolength{\topmargin}{-2.40665pt}.

\openout5 = `main29.mw'.

[20

] (main29.mw)
\openout5 = `main29.mw'.

\openout5 = `main29.mw'.

\openout5 = `main29.mw'.


Underfull \vbox (badness 2237) has occurred while \output is active []



Package fancyhdr Warning: \headheight is too small (12.0pt): 
(fancyhdr)                Make it at least 14.40665pt, for example:
(fancyhdr)                \setlength{\headheight}{14.40665pt}.
(fancyhdr)                You might also make \topmargin smaller to compensate:

(fancyhdr)                \addtolength{\topmargin}{-2.40665pt}.

\openout5 = `main29.mw'.

[21] (main29.mw)
\openout5 = `main29.mw'.


Overfull \hbox (3.46382pt too wide) in paragraph at lines 112--113
[][]\TU/IRLotusICEE.ttf(0)/m/n/12 ترکیب و ادغام این سه حوزه — درک معنایی، استدل
ال شناختی و روان‌فیزیک — باعث شکل‌گیری سیستم‌های[]
 []


Package fancyhdr Warning: \headheight is too small (12.0pt): 
(fancyhdr)                Make it at least 14.40665pt, for example:
(fancyhdr)                \setlength{\headheight}{14.40665pt}.
(fancyhdr)                You might also make \topmargin smaller to compensate:

(fancyhdr)                \addtolength{\topmargin}{-2.40665pt}.

\openout5 = `main29.mw'.

[22] (main29.mw)
\openout5 = `main29.mw'.



Package fancyhdr Warning: \headheight is too small (12.0pt): 
(fancyhdr)                Make it at least 14.40665pt, for example:
(fancyhdr)                \setlength{\headheight}{14.40665pt}.
(fancyhdr)                You might also make \topmargin smaller to compensate:

(fancyhdr)                \addtolength{\topmargin}{-2.40665pt}.

\openout5 = `main29.mw'.

[23] (main29.mw)
\openout5 = `main29.mw'.

\openout5 = `main29.mw'.

\openout5 = `main29.mw'.

\openout5 = `main29.mw'.

\openout5 = `main29.mw'.

LaTeX Font Info:    Font shape `TU/IRLotusICEE.ttf(1)/b/n' will be
(Font)              scaled to size 17.27994pt on input line 125.
LaTeX Font Info:    Font shape `TU/LiberationSerif-Regular.ttf(0)/b/n' will be
(Font)              scaled to size 14.4pt on input line 125.


Package fancyhdr Warning: \headheight is too small (12.0pt): 
(fancyhdr)                Make it at least 14.40665pt, for example:
(fancyhdr)                \setlength{\headheight}{14.40665pt}.
(fancyhdr)                You might also make \topmargin smaller to compensate:

(fancyhdr)                \addtolength{\topmargin}{-2.40665pt}.

\openout5 = `main29.mw'.

[24] (main29.mw)
\openout5 = `main29.mw'.

\openout5 = `main29.mw'.

\openout5 = `main29.mw'.

\openout5 = `main29.mw'.

\openout5 = `main29.mw'.

LaTeX Font Info:    Font shape `TU/IRLotusICEE.ttf(0)/m/it' will be
(Font)              scaled to size 14.39996pt on input line 163.


Package fancyhdr Warning: \headheight is too small (12.0pt): 
(fancyhdr)                Make it at least 14.40665pt, for example:
(fancyhdr)                \setlength{\headheight}{14.40665pt}.
(fancyhdr)                You might also make \topmargin smaller to compensate:

(fancyhdr)                \addtolength{\topmargin}{-2.40665pt}.

\openout5 = `main29.mw'.

[25] (main29.mw)
\openout5 = `main29.mw'.

\openout5 = `main29.mw'.

\openout5 = `main29.mw'.

\openout5 = `main29.mw'.

\openout5 = `main29.mw'.

\openout5 = `main29.mw'.

\openout5 = `main29.mw'.


Overfull \hbox (6.00916pt too wide) in paragraph at lines 189--190
[][]\TU/IRLotusICEE.ttf(0)/m/n/12 داده‌های نامتعادل زمانی رخ می‌دهند که تعداد ن
مونه‌های موجود در برخی کلاس‌ها به‌مراتب بیشتر از کلاس‌های[]
 []


Underfull \vbox (badness 2753) has occurred while \output is active []



Package fancyhdr Warning: \headheight is too small (12.0pt): 
(fancyhdr)                Make it at least 14.40665pt, for example:
(fancyhdr)                \setlength{\headheight}{14.40665pt}.
(fancyhdr)                You might also make \topmargin smaller to compensate:

(fancyhdr)                \addtolength{\topmargin}{-2.40665pt}.

\openout5 = `main29.mw'.

[26] (main29.mw)
\openout5 = `main29.mw'.

\openout5 = `main29.mw'.

\openout5 = `main29.mw'.

\openout5 = `main29.mw'.

\openout5 = `main29.mw'.

\openout5 = `main29.mw'.

\openout5 = `main29.mw'.



! LaTeX Error: Environment threeparttable undefined.

See the LaTeX manual or LaTeX Companion for explanation.
Type  H <return>  for immediate help.
 ...                                              
                                                  
l.203 \begin{threeparttable}
                            %
Your command was ignored.
Type  I <command> <return>  to replace it with another command,
or  <return>  to continue without it.

! Undefined control sequence.
<inserted text> ...f {معایب} \\ \hline چرخش\tnote 
                                                  {1} & افزایش داده & شبیه‌س...
l.255 \end{tabularx}}
                     
The control sequence at the end of the top line
of your error message was never \def'ed. If you have
misspelled it (e.g., `\hobx'), type `I' and the correct
spelling (e.g., `I\hbox'). Otherwise just continue,
and I'll forget about whatever was undefined.

! Undefined control sequence.
<inserted text> ...ص حذف شوند \\ \hline برش\tnote 
                                                  {2} & افزایش داده & تمرکز ...
l.255 \end{tabularx}}
                     
The control sequence at the end of the top line
of your error message was never \def'ed. If you have
misspelled it (e.g., `\hobx'), type `I' and the correct
spelling (e.g., `I\hbox'). Otherwise just continue,
and I'll forget about whatever was undefined.

! Undefined control sequence.
<inserted text> ... \hline وارونه‌سازی افقی\tnote 
                                                  {3} & افزایش داده & شبیه‌س...
l.255 \end{tabularx}}
                     
The control sequence at the end of the top line
of your error message was never \def'ed. If you have
misspelled it (e.g., `\hobx'), type `I' and the correct
spelling (e.g., `I\hbox'). Otherwise just continue,
and I'll forget about whatever was undefined.

! Undefined control sequence.
<inserted text> ... تغییر روشنایی و کنتراست\tnote 
                                                  {4} & افزایش داده & شبیه‌س...
l.255 \end{tabularx}}
                     
The control sequence at the end of the top line
of your error message was never \def'ed. If you have
misspelled it (e.g., `\hobx'), type `I' and the correct
spelling (e.g., `I\hbox'). Otherwise just continue,
and I'll forget about whatever was undefined.

! Undefined control sequence.
<inserted text> ...اقعی شود \\ \hline SMOTE\tnote 
                                                  {5} & متوازن‌سازی & تولید ...
l.255 \end{tabularx}}
                     
The control sequence at the end of the top line
of your error message was never \def'ed. If you have
misspelled it (e.g., `\hobx'), type `I' and the correct
spelling (e.g., `I\hbox'). Otherwise just continue,
and I'll forget about whatever was undefined.

! Undefined control sequence.
<inserted text> ...ne وزن‌دهی در تابع هزینه\tnote 
                                                  {6} & متوازن‌سازی & افزایش...
l.255 \end{tabularx}}
                     
The control sequence at the end of the top line
of your error message was never \def'ed. If you have
misspelled it (e.g., `\hobx'), type `I' and the correct
spelling (e.g., `I\hbox'). Otherwise just continue,
and I'll forget about whatever was undefined.

! Undefined control sequence.
<inserted text> ...یق وزن‌ها \\ \hline GANs\tnote 
                                                  {7} & افزایش/متوازن‌سازی &...
l.255 \end{tabularx}}
                     
The control sequence at the end of the top line
of your error message was never \def'ed. If you have
misspelled it (e.g., `\hobx'), type `I' and the correct
spelling (e.g., `I\hbox'). Otherwise just continue,
and I'll forget about whatever was undefined.

! Undefined control sequence.
<inserted text> ...f {معایب} \\ \hline چرخش\tnote 
                                                  {1} & افزایش داده & شبیه‌س...
l.255 \end{tabularx}}
                     
The control sequence at the end of the top line
of your error message was never \def'ed. If you have
misspelled it (e.g., `\hobx'), type `I' and the correct
spelling (e.g., `I\hbox'). Otherwise just continue,
and I'll forget about whatever was undefined.

! Undefined control sequence.
<inserted text> ...ص حذف شوند \\ \hline برش\tnote 
                                                  {2} & افزایش داده & تمرکز ...
l.255 \end{tabularx}}
                     
The control sequence at the end of the top line
of your error message was never \def'ed. If you have
misspelled it (e.g., `\hobx'), type `I' and the correct
spelling (e.g., `I\hbox'). Otherwise just continue,
and I'll forget about whatever was undefined.

! Undefined control sequence.
<inserted text> ... \hline وارونه‌سازی افقی\tnote 
                                                  {3} & افزایش داده & شبیه‌س...
l.255 \end{tabularx}}
                     
The control sequence at the end of the top line
of your error message was never \def'ed. If you have
misspelled it (e.g., `\hobx'), type `I' and the correct
spelling (e.g., `I\hbox'). Otherwise just continue,
and I'll forget about whatever was undefined.

! Undefined control sequence.
<inserted text> ... تغییر روشنایی و کنتراست\tnote 
                                                  {4} & افزایش داده & شبیه‌س...
l.255 \end{tabularx}}
                     
The control sequence at the end of the top line
of your error message was never \def'ed. If you have
misspelled it (e.g., `\hobx'), type `I' and the correct
spelling (e.g., `I\hbox'). Otherwise just continue,
and I'll forget about whatever was undefined.

! Undefined control sequence.
<inserted text> ...اقعی شود \\ \hline SMOTE\tnote 
                                                  {5} & متوازن‌سازی & تولید ...
l.255 \end{tabularx}}
                     
The control sequence at the end of the top line
of your error message was never \def'ed. If you have
misspelled it (e.g., `\hobx'), type `I' and the correct
spelling (e.g., `I\hbox'). Otherwise just continue,
and I'll forget about whatever was undefined.

! Undefined control sequence.
<inserted text> ...ne وزن‌دهی در تابع هزینه\tnote 
                                                  {6} & متوازن‌سازی & افزایش...
l.255 \end{tabularx}}
                     
The control sequence at the end of the top line
of your error message was never \def'ed. If you have
misspelled it (e.g., `\hobx'), type `I' and the correct
spelling (e.g., `I\hbox'). Otherwise just continue,
and I'll forget about whatever was undefined.

! Undefined control sequence.
<inserted text> ...یق وزن‌ها \\ \hline GANs\tnote 
                                                  {7} & افزایش/متوازن‌سازی &...
l.255 \end{tabularx}}
                     
The control sequence at the end of the top line
of your error message was never \def'ed. If you have
misspelled it (e.g., `\hobx'), type `I' and the correct
spelling (e.g., `I\hbox'). Otherwise just continue,
and I'll forget about whatever was undefined.

! Undefined control sequence.
<inserted text> ...f {معایب} \\ \hline چرخش\tnote 
                                                  {1} & افزایش داده & شبیه‌س...
l.255 \end{tabularx}}
                     
The control sequence at the end of the top line
of your error message was never \def'ed. If you have
misspelled it (e.g., `\hobx'), type `I' and the correct
spelling (e.g., `I\hbox'). Otherwise just continue,
and I'll forget about whatever was undefined.

! Undefined control sequence.
<inserted text> ...ص حذف شوند \\ \hline برش\tnote 
                                                  {2} & افزایش داده & تمرکز ...
l.255 \end{tabularx}}
                     
The control sequence at the end of the top line
of your error message was never \def'ed. If you have
misspelled it (e.g., `\hobx'), type `I' and the correct
spelling (e.g., `I\hbox'). Otherwise just continue,
and I'll forget about whatever was undefined.

! Undefined control sequence.
<inserted text> ... \hline وارونه‌سازی افقی\tnote 
                                                  {3} & افزایش داده & شبیه‌س...
l.255 \end{tabularx}}
                     
The control sequence at the end of the top line
of your error message was never \def'ed. If you have
misspelled it (e.g., `\hobx'), type `I' and the correct
spelling (e.g., `I\hbox'). Otherwise just continue,
and I'll forget about whatever was undefined.

! Undefined control sequence.
<inserted text> ... تغییر روشنایی و کنتراست\tnote 
                                                  {4} & افزایش داده & شبیه‌س...
l.255 \end{tabularx}}
                     
The control sequence at the end of the top line
of your error message was never \def'ed. If you have
misspelled it (e.g., `\hobx'), type `I' and the correct
spelling (e.g., `I\hbox'). Otherwise just continue,
and I'll forget about whatever was undefined.

! Undefined control sequence.
<inserted text> ...اقعی شود \\ \hline SMOTE\tnote 
                                                  {5} & متوازن‌سازی & تولید ...
l.255 \end{tabularx}}
                     
The control sequence at the end of the top line
of your error message was never \def'ed. If you have
misspelled it (e.g., `\hobx'), type `I' and the correct
spelling (e.g., `I\hbox'). Otherwise just continue,
and I'll forget about whatever was undefined.

! Undefined control sequence.
<inserted text> ...ne وزن‌دهی در تابع هزینه\tnote 
                                                  {6} & متوازن‌سازی & افزایش...
l.255 \end{tabularx}}
                     
The control sequence at the end of the top line
of your error message was never \def'ed. If you have
misspelled it (e.g., `\hobx'), type `I' and the correct
spelling (e.g., `I\hbox'). Otherwise just continue,
and I'll forget about whatever was undefined.

! Undefined control sequence.
<inserted text> ...یق وزن‌ها \\ \hline GANs\tnote 
                                                  {7} & افزایش/متوازن‌سازی &...
l.255 \end{tabularx}}
                     
The control sequence at the end of the top line
of your error message was never \def'ed. If you have
misspelled it (e.g., `\hobx'), type `I' and the correct
spelling (e.g., `I\hbox'). Otherwise just continue,
and I'll forget about whatever was undefined.


! LaTeX Error: Environment tablenotes undefined.

See the LaTeX manual or LaTeX Companion for explanation.
Type  H <return>  for immediate help.
 ...                                              
                                                  
l.257 \begin{tablenotes}
                        
Your command was ignored.
Type  I <command> <return>  to replace it with another command,
or  <return>  to continue without it.


! LaTeX Error: Lonely \item--perhaps a missing list environment.

See the LaTeX manual or LaTeX Companion for explanation.
Type  H <return>  for immediate help.
 ...                                              
                                                  
l.262     \item \lr
                   {Rotation\textsuperscript{1}}
Try typing  <return>  to proceed.
If that doesn't work, type  X <return>  to quit.


Underfull \hbox (badness 10000) detected at line 262
[][][][][][]
 []


! LaTeX Error: Lonely \item--perhaps a missing list environment.

See the LaTeX manual or LaTeX Companion for explanation.
Type  H <return>  for immediate help.
 ...                                              
                                                  
l.263     \item \lr
                   {Cropping\textsuperscript{2}}
Try typing  <return>  to proceed.
If that doesn't work, type  X <return>  to quit.


Underfull \hbox (badness 10000) detected at line 263
[][][][][][]
 []


! LaTeX Error: Lonely \item--perhaps a missing list environment.

See the LaTeX manual or LaTeX Companion for explanation.
Type  H <return>  for immediate help.
 ...                                              
                                                  
l.264     \item \lr
                   {Horizontal Flip\textsuperscript{3}}
Try typing  <return>  to proceed.
If that doesn't work, type  X <return>  to quit.


Underfull \hbox (badness 10000) detected at line 264
[][][][][][]
 []


! LaTeX Error: Lonely \item--perhaps a missing list environment.

See the LaTeX manual or LaTeX Companion for explanation.
Type  H <return>  for immediate help.
 ...                                              
                                                  
l.265     \item \lr
                   {Brightness and Contrast Adjustment\textsuperscript{4}}
Try typing  <return>  to proceed.
If that doesn't work, type  X <return>  to quit.


Underfull \hbox (badness 10000) detected at line 265
[][][][][][]
 []


! LaTeX Error: Lonely \item--perhaps a missing list environment.

See the LaTeX manual or LaTeX Companion for explanation.
Type  H <return>  for immediate help.
 ...                                              
                                                  
l.266     \item \lr
                   {Synthetic Minority Over-sampling Technique (SMOTE)\texts...

Try typing  <return>  to proceed.
If that doesn't work, type  X <return>  to quit.


Underfull \hbox (badness 10000) detected at line 266
[][][][][][]
 []


! LaTeX Error: Lonely \item--perhaps a missing list environment.

See the LaTeX manual or LaTeX Companion for explanation.
Type  H <return>  for immediate help.
 ...                                              
                                                  
l.267     \item \lr
                   {Class Weighting in the Loss Function\textsuperscript{6}}
Try typing  <return>  to proceed.
If that doesn't work, type  X <return>  to quit.


Underfull \hbox (badness 10000) detected at line 267
[][][][][][]
 []


! LaTeX Error: Lonely \item--perhaps a missing list environment.

See the LaTeX manual or LaTeX Companion for explanation.
Type  H <return>  for immediate help.
 ...                                              
                                                  
l.268     \item \lr
                   {Generative Adversarial Networks (GANs)\textsuperscript{7}}
Try typing  <return>  to proceed.
If that doesn't work, type  X <return>  to quit.


Underfull \hbox (badness 10000) detected at line 268
[][][][][][]
 []


! LaTeX Error: \begin{table} on input line 201 ended by \end{tablenotes}.

See the LaTeX manual or LaTeX Companion for explanation.
Type  H <return>  for immediate help.
 ...                                              
                                                  
l.271 \end{tablenotes}
                      
Your command was ignored.
Type  I <command> <return>  to replace it with another command,
or  <return>  to continue without it.


! LaTeX Error: \begin{table} on input line 201 ended by \end{threeparttable}.

See the LaTeX manual or LaTeX Companion for explanation.
Type  H <return>  for immediate help.
 ...                                              
                                                  
l.274 \end{threeparttable}
                          
Your command was ignored.
Type  I <command> <return>  to replace it with another command,
or  <return>  to continue without it.

LaTeX Font Info:    Font shape `TU/IRLotusICEE.ttf(1)/bx/n' will be
(Font)              scaled to size 13.13995pt on input line 307.
LaTeX Font Info:    Font shape `TU/IRLotusICEE.ttf(1)/m/it' will be
(Font)              scaled to size 13.13995pt on input line 307.

Overfull \hbox (0.26457pt too wide) in paragraph at lines 367--368
[]\TU/IRLotusICEE.ttf(0)/m/n/12 تأثیر قابل‌توجهی داشته‌اند. هر یک از این روش‌ها
، به‌صورت مستقل یا در ترکیب با یکدیگر، می‌تواند در سامانه‌های[]
 []


Package fancyhdr Warning: \headheight is too small (12.0pt): 
(fancyhdr)                Make it at least 14.40665pt, for example:
(fancyhdr)                \setlength{\headheight}{14.40665pt}.
(fancyhdr)                You might also make \topmargin smaller to compensate:

(fancyhdr)                \addtolength{\topmargin}{-2.40665pt}.

\openout5 = `main29.mw'.

[27] (main29.mw)
\openout5 = `main29.mw'.

\openout5 = `main29.mw'.

\openout5 = `main29.mw'.

\openout5 = `main29.mw'.

\openout5 = `main29.mw'.

\openout5 = `main29.mw'.

\openout5 = `main29.mw'.

\openout5 = `main29.mw'.

\openout5 = `main29.mw'.

LaTeX Font Info:    Font shape `TU/LiberationSerif-Regular.ttf(0)/b/n' will be
(Font)              scaled to size 12.0pt on input line 370.


Package fancyhdr Warning: \headheight is too small (12.0pt): 
(fancyhdr)                Make it at least 14.40665pt, for example:
(fancyhdr)                \setlength{\headheight}{14.40665pt}.
(fancyhdr)                You might also make \topmargin smaller to compensate:

(fancyhdr)                \addtolength{\topmargin}{-2.40665pt}.

\openout5 = `main29.mw'.

[28] (main29.mw)
\openout5 = `main29.mw'.

\openout5 = `main29.mw'.

\openout5 = `main29.mw'.



Package fancyhdr Warning: \headheight is too small (12.0pt): 
(fancyhdr)                Make it at least 14.40665pt, for example:
(fancyhdr)                \setlength{\headheight}{14.40665pt}.
(fancyhdr)                You might also make \topmargin smaller to compensate:

(fancyhdr)                \addtolength{\topmargin}{-2.40665pt}.

\openout5 = `main29.mw'.

[29] (main29.mw)
\openout5 = `main29.mw'.



Package fancyhdr Warning: \headheight is too small (12.0pt): 
(fancyhdr)                Make it at least 14.40665pt, for example:
(fancyhdr)                \setlength{\headheight}{14.40665pt}.
(fancyhdr)                You might also make \topmargin smaller to compensate:

(fancyhdr)                \addtolength{\topmargin}{-2.40665pt}.

\openout5 = `main29.mw'.

[30] (main29.mw)
\openout5 = `main29.mw'.


Overfull \hbox (123.89813pt too wide) in paragraph at lines 392--393
[]\TU/IRLotusICEE.ttf(0)/m/n/12 مجموعهٔ آموزشی انجام می‌شود. پیاده‌سازی عملی در
 پای‌تورچ معمولاً از طریق متد \TU/lmtt/m/n/12 nn.CrossEntropyLoss(weight=…)[]
 []


Package fancyhdr Warning: \headheight is too small (12.0pt): 
(fancyhdr)                Make it at least 14.40665pt, for example:
(fancyhdr)                \setlength{\headheight}{14.40665pt}.
(fancyhdr)                You might also make \topmargin smaller to compensate:

(fancyhdr)                \addtolength{\topmargin}{-2.40665pt}.

\openout5 = `main29.mw'.

[31] (main29.mw)
\openout5 = `main29.mw'.

\openout5 = `main29.mw'.

\openout5 = `main29.mw'.


Underfull \vbox (badness 2913) has occurred while \output is active []



Package fancyhdr Warning: \headheight is too small (12.0pt): 
(fancyhdr)                Make it at least 14.40665pt, for example:
(fancyhdr)                \setlength{\headheight}{14.40665pt}.
(fancyhdr)                You might also make \topmargin smaller to compensate:

(fancyhdr)                \addtolength{\topmargin}{-2.40665pt}.

\openout5 = `main29.mw'.

[32] (main29.mw)
\openout5 = `main29.mw'.


! Missing $ inserted.
<inserted text> 
                $
l.428 \text{\lr{F1}} = \lr{2}
                              \times \frac{\text{\lr{Precision}} \cdot \text...
I've inserted a begin-math/end-math symbol since I think
you left one out. Proceed, with fingers crossed.

! Missing } inserted.
<inserted text> 
                }
l.428 \text{\lr{F1}} = \lr{2}
                              \times \frac{\text{\lr{Precision}} \cdot \text...
I've inserted something that you may have forgotten.
(See the <inserted text> above.)
With luck, this will get me unwedged. But if you
really didn't forget anything, try typing `2' now; then
my insertion and my current dilemma will both disappear.

! Missing $ inserted.
<inserted text> 
                $
l.428 \text{\lr{F1}} = \lr{2}
                              \times \frac{\text{\lr{Precision}} \cdot \text...
I've inserted a begin-math/end-math symbol since I think
you left one out. Proceed, with fingers crossed.

! Display math should end with $$.
<to be read again> 
                   \endL 
l.428 \text{\lr{F1}} = \lr{2}
                              \times \frac{\text{\lr{Precision}} \cdot \text...
The `$' that I just saw supposedly matches a previous `$$'.
So I shall assume that you typed `$$' both times.

! Missing $ inserted.
<inserted text> 
                $
l.428 \text{\lr{F1}} = \lr{2}
                              \times \frac{\text{\lr{Precision}} \cdot \text...
I've inserted a begin-math/end-math symbol since I think
you left one out. Proceed, with fingers crossed.

! Extra }, or forgotten \endgroup.
<recently read> }
                 
l.428 \text{\lr{F1}} = \lr{2}
                              \times \frac{\text{\lr{Precision}} \cdot \text...
I've deleted a group-closing symbol because it seems to be
spurious, as in `$x}$'. But perhaps the } is legitimate and
you forgot something else, as in `\hbox{$x}'. In such cases
the way to recover is to insert both the forgotten and the
deleted material, e.g., by typing `I$}'.

! Missing $ inserted.
<inserted text> 
                $
l.428 \text{\lr{F1}} = \lr{2} \times
                                     \frac{\text{\lr{Precision}} \cdot \text...
I've inserted a begin-math/end-math symbol since I think
you left one out. Proceed, with fingers crossed.

! You can't use `\eqno' in math mode.
\@@eqno ->\@kernel@eqno 
                        \aftergroup \ignorespaces 
l.429 \end{equation}
                    
Sorry, but I'm not programmed to handle this case;
I'll just pretend that you didn't ask for it.
If you're in the wrong mode, you might be able to
return to the right one by typing `I}' or `I$' or `I\par'.

! Missing $ inserted.
<inserted text> 
                $
l.429 \end{equation}
                    
I've inserted something that you may have forgotten.
(See the <inserted text> above.)
With luck, this will get me unwedged. But if you
really didn't forget anything, try typing `2' now; then
my insertion and my current dilemma will both disappear.


\endL or \endR problem (0 missing, 1 extra) in paragraph at lines 428--430
[]$$[]\TU/LiberationSerif-Regular.ttf(0)/m/n/12 2 $\OMS/cmsy/m/n/12 ^^B[][]$$$ 
[][]
 []


Underfull \vbox (badness 6927) has occurred while \output is active []



Package fancyhdr Warning: \headheight is too small (12.0pt): 
(fancyhdr)                Make it at least 14.40665pt, for example:
(fancyhdr)                \setlength{\headheight}{14.40665pt}.
(fancyhdr)                You might also make \topmargin smaller to compensate:

(fancyhdr)                \addtolength{\topmargin}{-2.40665pt}.

\openout5 = `main29.mw'.

[33] (main29.mw)
\openout5 = `main29.mw'.

File: ./img/cof_matrix.png Graphic file (type bmp)
<./img/cof_matrix.png>

Overfull \hbox (1.6967pt too wide) in paragraph at lines 459--460
[][]\TU/IRLotusICEE.ttf(0)/m/n/12 این ماتریس برای تحلیل نقاط ضعف مدل و شناسایی 
کلاس‌هایی که بیشتر با یکدیگر اشتباه گرفته می‌شوند،[]
 []


Package fancyhdr Warning: \headheight is too small (12.0pt): 
(fancyhdr)                Make it at least 14.40665pt, for example:
(fancyhdr)                \setlength{\headheight}{14.40665pt}.
(fancyhdr)                You might also make \topmargin smaller to compensate:

(fancyhdr)                \addtolength{\topmargin}{-2.40665pt}.

\openout5 = `main29.mw'.

[34] (main29.mw)
\openout5 = `main29.mw'.


Overfull \hbox (0.18498pt too wide) in paragraph at lines 474--475
[][]\TU/IRLotusICEE.ttf(0)/m/n/12 این مدل، برای بسیاری از کاربردهای بینایی کامپ
یوتری مانند شناسایی اشیاء، طبقه‌بندی تصاویر و تشخیص[]
 []

File: ./img/Mobile_Fig_01.png Graphic file (type bmp)
<./img/Mobile_Fig_01.png>

Package fancyhdr Warning: \headheight is too small (12.0pt): 
(fancyhdr)                Make it at least 14.40665pt, for example:
(fancyhdr)                \setlength{\headheight}{14.40665pt}.
(fancyhdr)                You might also make \topmargin smaller to compensate:

(fancyhdr)                \addtolength{\topmargin}{-2.40665pt}.

\openout5 = `main29.mw'.

[35] (main29.mw)
\openout5 = `main29.mw'.

\openout5 = `main29.mw'.

\openout5 = `main29.mw'.


Overfull \hbox (27.46162pt too wide) in paragraph at lines 483--484
[]\TU/IRLotusICEE.ttf(0)/m/n/12 Compound Scaling در []\TU/LiberationSerif-Regul
ar.ttf(0)/m/n/12 EfficientNet[]\TU/IRLotusICEE.ttf(0)/m/n/12 ، به‌طور هم‌زمان ا
بعاد دیگر (عرض و وضوح) به‌صورت هوشمندانه‌ای[]
 []

File: ./img/EfficientNet_Fig_01.png Graphic file (type bmp)
<./img/EfficientNet_Fig_01.png>

Package fancyhdr Warning: \headheight is too small (12.0pt): 
(fancyhdr)                Make it at least 14.40665pt, for example:
(fancyhdr)                \setlength{\headheight}{14.40665pt}.
(fancyhdr)                You might also make \topmargin smaller to compensate:

(fancyhdr)                \addtolength{\topmargin}{-2.40665pt}.

\openout5 = `main29.mw'.

[36] (main29.mw)
\openout5 = `main29.mw'.

\openout5 = `main29.mw'.

\openout5 = `main29.mw'.

File: ./img/ResNet_Fig_01.png Graphic file (type bmp)
<./img/ResNet_Fig_01.png>


LaTeX Warning: `!h' float specifier changed to `!ht'.


Package fancyhdr Warning: \headheight is too small (12.0pt): 
(fancyhdr)                Make it at least 14.40665pt, for example:
(fancyhdr)                \setlength{\headheight}{14.40665pt}.
(fancyhdr)                You might also make \topmargin smaller to compensate:

(fancyhdr)                \addtolength{\topmargin}{-2.40665pt}.

\openout5 = `main29.mw'.

[37] (main29.mw)
\openout5 = `main29.mw'.

\openout5 = `main29.mw'.

\openout5 = `main29.mw'.


Overfull \hbox (12.14735pt too wide) in paragraph at lines 504--506
[][]\TU/IRLotusICEE.ttf(0)/b/n/12 بخش کانولوشنی ([]\TU/LiberationSerif-Regular.
ttf(0)/b/n/12 Convolutional Part[]\TU/IRLotusICEE.ttf(0)/b/n/12 ): \TU/IRLotusI
CEE.ttf(0)/m/n/12 شبکه‌های کانولوشنی با لایه‌های مختلف و فیلترهایی[]
 []


Overfull \hbox (25.62381pt too wide) in paragraph at lines 506--508
[]\TU/IRLotusICEE.ttf(0)/m/n/12 شبکه‌های عصبی به لایه‌های تمام‌اتصال یا []\TU/L
iberationSerif-Regular.ttf(0)/m/n/12 fully connected[] \TU/IRLotusICEE.ttf(0)/m
/n/12 متصل می‌شوند تا ویژگی‌های استخراج‌شده[]
 []


Underfull \vbox (badness 2903) has occurred while \output is active []



Package fancyhdr Warning: \headheight is too small (12.0pt): 
(fancyhdr)                Make it at least 14.40665pt, for example:
(fancyhdr)                \setlength{\headheight}{14.40665pt}.
(fancyhdr)                You might also make \topmargin smaller to compensate:

(fancyhdr)                \addtolength{\topmargin}{-2.40665pt}.

\openout5 = `main29.mw'.

[38] (main29.mw)
\openout5 = `main29.mw'.

\openout5 = `main29.mw'.

\openout5 = `main29.mw'.


Overfull \hbox (14.28859pt too wide) in paragraph at lines 516--516
[][]\TU/IRLotusICEE.ttf(0)/m/n/12 در سناریوهای طبقه‌بندی (مانند تشخیص اشیاء)، م
عیارهایی نظیر دقت [][][][][]، امتیاز []\TU/LiberationSerif-Regular.ttf(0)/m/n/1
2 F1[][][][][][]\TU/IRLotusICEE.ttf(0)/m/n/12 ، []\TU/LiberationSerif-Regular.t
tf(0)/m/n/12 Precision[][][][][][][]
 []

! Missing $ inserted.
<inserted text> 
                $
l.516 ...an Absolute Error} یا ضریب تعیین \lr{R^2}
                                                  \LTRfootnote{Coefficient o...
I've inserted a begin-math/end-math symbol since I think
you left one out. Proceed, with fingers crossed.

! Extra }, or forgotten $.
\lr #1->\LRE {\resetlatinfont #1}
                                 
l.516 ...an Absolute Error} یا ضریب تعیین \lr{R^2}
                                                  \LTRfootnote{Coefficient o...
I've deleted a group-closing symbol because it seems to be
spurious, as in `$x}$'. But perhaps the } is legitimate and
you forgot something else, as in `\hbox{$x}'. In such cases
the way to recover is to insert both the forgotten and the
deleted material, e.g., by typing `I$}'.


! LaTeX Error: Command \end{itemize} invalid in math mode.

See the LaTeX manual or LaTeX Companion for explanation.
Type  H <return>  for immediate help.
 ...                                              
                                                  
l.516 ...tion} به‌کار گرفته می‌شوند. \end{itemize}
                                                  
Try typing  <return>  to proceed.
If that doesn't work, type  X <return>  to quit.


! LaTeX Error: Something's wrong--perhaps a missing \item.

See the LaTeX manual or LaTeX Companion for explanation.
Type  H <return>  for immediate help.
 ...                                              
                                                  
l.516 ...tion} به‌کار گرفته می‌شوند. \end{itemize}
                                                  
Try typing  <return>  to proceed.
If that doesn't work, type  X <return>  to quit.


! LaTeX Error: Something's wrong--perhaps a missing \item.

See the LaTeX manual or LaTeX Companion for explanation.
Type  H <return>  for immediate help.
 ...                                              
                                                  
l.516 ...tion} به‌کار گرفته می‌شوند. \end{itemize}
                                                  
Try typing  <return>  to proceed.
If that doesn't work, type  X <return>  to quit.

! Missing $ inserted.
<inserted text> 
                $
l.516 ...tion} به‌کار گرفته می‌شوند. \end{itemize}
                                                  
I've inserted something that you may have forgotten.
(See the <inserted text> above.)
With luck, this will get me unwedged. But if you
really didn't forget anything, try typing `2' now; then
my insertion and my current dilemma will both disappear.

Missing character: There is no ب in font cmmi12!
Missing character: There is no ه in font cmmi12!
Missing character: There is no ‌ in font cmr12!
Missing character: There is no ک in font cmmi12!
Missing character: There is no ا in font cmmi12!
Missing character: There is no ر in font cmmi12!
Missing character: There is no گ in font cmmi12!
Missing character: There is no ر in font cmmi12!
Missing character: There is no ف in font cmmi12!
Missing character: There is no ت in font cmmi12!
Missing character: There is no ه in font cmmi12!
Missing character: There is no م in font cmmi12!
Missing character: There is no ی in font cmmi12!
Missing character: There is no ‌ in font cmr12!
Missing character: There is no ش in font cmmi12!
Missing character: There is no و in font cmmi12!
Missing character: There is no ن in font cmmi12!
Missing character: There is no د in font cmmi12!
! Missing } inserted.
<inserted text> 
                }
l.516 ...tion} به‌کار گرفته می‌شوند. \end{itemize}
                                                  
I've inserted something that you may have forgotten.
(See the <inserted text> above.)
With luck, this will get me unwedged. But if you
really didn't forget anything, try typing `2' now; then
my insertion and my current dilemma will both disappear.

)

Package fancyhdr Warning: \headheight is too small (12.0pt): 
(fancyhdr)                Make it at least 14.40665pt, for example:
(fancyhdr)                \setlength{\headheight}{14.40665pt}.
(fancyhdr)                You might also make \topmargin smaller to compensate:

(fancyhdr)                \addtolength{\topmargin}{-2.40665pt}.

\openout5 = `main29.mw'.

[39] (main29.mw)
\openout5 = `main29.mw'.

\openout5 = `main29.mw'.

\openout5 = `main29.mw'.

\openout2 = `./tex/chapter4.aux'.

 (tex/chapter4.tex
\openout5 = `main29.mw'.

 [40




] (main29.mw)
\openout5 = `main29.mw'.


فصل 4.
\openout5 = `main29.mw'.

[41] (main29.mw)
\openout5 = `main29.mw'.

\openout5 = `main29.mw'.

\openout5 = `main29.mw'.

\openout5 = `main29.mw'.

\openout5 = `main29.mw'.

\openout5 = `main29.mw'.

\openout5 = `main29.mw'.


Overfull \hbox (0.36078pt too wide) in paragraph at lines 30--31
[][]\TU/IRLotusICEE.ttf(0)/m/n/12 در ادامه، به بررسی و تحلیل چندین دیتاست معتبر
 در حوزه شناسایی علائم راهنمایی و رانندگی می‌پردازیم.[]
 []


Package fancyhdr Warning: \headheight is too small (12.0pt): 
(fancyhdr)                Make it at least 14.86447pt, for example:
(fancyhdr)                \setlength{\headheight}{14.86447pt}.
(fancyhdr)                You might also make \topmargin smaller to compensate:

(fancyhdr)                \addtolength{\topmargin}{-2.86447pt}.

\openout5 = `main29.mw'.

[42] (main29.mw)
\openout5 = `main29.mw'.

\openout5 = `main29.mw'.

\openout5 = `main29.mw'.



! Package caption Error: \caption outside float.

See the caption package documentation for explanation.
Type  H <return>  for immediate help.
 ...                                              
                                                  
l.83 \caption
             {
If you do not understand this error, please take a closer look
at the documentation of the `caption' package, especially the
section about errors.
Try typing  <return>  to proceed.
If that doesn't work, type  X <return>  to quit.

Runaway argument?
{ 
! Paragraph ended before \text@command was complete.
<to be read again> 
                   \par 
l.91 ...مالی دیتاست‌های علائم راهنمایی و رانندگی.}
                                                   این جدول مقایسه‌ای دقیق ا...
I suspect you've forgotten a `}', causing me to apply this
control sequence to too much text. How can we recover?
My plan is to forget the whole thing and hope for the best.

! Extra }, or forgotten \endgroup.
<recently read> \egroup 
                        
l.91 ...مالی دیتاست‌های علائم راهنمایی و رانندگی.}
                                                   این جدول مقایسه‌ای دقیق ا...
I've deleted a group-closing symbol because it seems to be
spurious, as in `$x}$'. But perhaps the } is legitimate and
you forgot something else, as in `\hbox{$x}'. In such cases
the way to recover is to insert both the forgotten and the
deleted material, e.g., by typing `I$}'.


Overfull \hbox (9.96783pt too wide) in paragraph at lines 91--92
[][]\TU/IRLotusICEE.ttf(0)/b/n/12 جدول \TU/IRLotusICEE.ttf(1)/m/it/12 ۱\TU/IRLo
tusICEE.ttf(0)/b/n/12 . بررسی اجمالی دیتاست‌های علائم راهنمایی و رانندگی. این ج
دول مقایسه‌ای[]
 []


Overfull \hbox (0.76395pt too wide) in paragraph at lines 91--92
[]\TU/IRLotusICEE.ttf(0)/b/n/12 ستون «منحصربه‌فرد» به دیتاست‌هایی اشاره دارد که
 در آن‌ها هر باکس علائم راهنمایی[]
 []


Overfull \hbox (3.89655pt too wide) in paragraph at lines 91--92
[]\TU/IRLotusICEE.ttf(0)/b/n/12 منحصربه‌فرد را پوشش می‌دهند. $\OMS/cmsy/m/n/12 
x$\TU/IRLotusICEE.ttf(0)/b/n/12 علامت‌های موجود در مجموعه انوتیشن‌های جزئی[]
 []


Package fancyhdr Warning: \headheight is too small (12.0pt): 
(fancyhdr)                Make it at least 14.86447pt, for example:
(fancyhdr)                \setlength{\headheight}{14.86447pt}.
(fancyhdr)                You might also make \topmargin smaller to compensate:

(fancyhdr)                \addtolength{\topmargin}{-2.86447pt}.

\openout5 = `main29.mw'.

[43] (main29.mw)
\openout5 = `main29.mw'.

File: ./img/GTSRB_sample.png Graphic file (type bmp)
<./img/GTSRB_sample.png>
File: ./img/TTK110_sample.png Graphic file (type bmp)
<./img/TTK110_sample.png>
File: ./img/Lisa_sample.png Graphic file (type bmp)
<./img/Lisa_sample.png>
File: ./img/Belgium_sample.png Graphic file (type bmp)
<./img/Belgium_sample.png>

Underfull \vbox (badness 10000) has occurred while \output is active []



Package fancyhdr Warning: \headheight is too small (12.0pt): 
(fancyhdr)                Make it at least 14.86447pt, for example:
(fancyhdr)                \setlength{\headheight}{14.86447pt}.
(fancyhdr)                You might also make \topmargin smaller to compensate:

(fancyhdr)                \addtolength{\topmargin}{-2.86447pt}.

\openout5 = `main29.mw'.

[44] (main29.mw)
\openout5 = `main29.mw'.



Package fancyhdr Warning: \headheight is too small (12.0pt): 
(fancyhdr)                Make it at least 14.86447pt, for example:
(fancyhdr)                \setlength{\headheight}{14.86447pt}.
(fancyhdr)                You might also make \topmargin smaller to compensate:

(fancyhdr)                \addtolength{\topmargin}{-2.86447pt}.

\openout5 = `main29.mw'.

[45] (main29.mw)
\openout5 = `main29.mw'.


! Undefined control sequence.
<argument> \g__tbl_row_int 
                           
l.148 \textbf
             {Author/Year} & \textbf{Model} & \textbf{Dataset} & \textbf{Acc...
The control sequence at the end of the top line
of your error message was never \def'ed. If you have
misspelled it (e.g., `\hobx'), type `I' and the correct
spelling (e.g., `I\hbox'). Otherwise just continue,
and I'll forget about whatever was undefined.

! You can't use `the character -' after \advance.
\int_gdecr:N #1->\tex_global:D \tex_advance:D #1-
                                                 \c_one_int 
l.148 \textbf
             {Author/Year} & \textbf{Model} & \textbf{Dataset} & \textbf{Acc...
I'm forgetting what you said and not changing anything.

Missing character: There is no ^^A in font [./font/LiberationSerif-Regular.ttf]
/OT:script=latn;language=dflt;mapping=tex-text;!
! Undefined control sequence.
<argument> \g__tbl_row_int 
                           
l.148 \textbf
             {Author/Year} & \textbf{Model} & \textbf{Dataset} & \textbf{Acc...
The control sequence at the end of the top line
of your error message was never \def'ed. If you have
misspelled it (e.g., `\hobx'), type `I' and the correct
spelling (e.g., `I\hbox'). Otherwise just continue,
and I'll forget about whatever was undefined.

! You can't use `the character -' after \advance.
\int_gdecr:N #1->\tex_global:D \tex_advance:D #1-
                                                 \c_one_int 
l.148 \textbf
             {Author/Year} & \textbf{Model} & \textbf{Dataset} & \textbf{Acc...
I'm forgetting what you said and not changing anything.

Missing character: There is no ^^A in font [./font/LiberationSerif-Regular.ttf]
/OT:script=latn;language=dflt;mapping=tex-text;!
LaTeX Font Info:    Font shape `TU/LiberationSerif-Regular.ttf(0)/b/n' will be
(Font)              scaled to size 6.0pt on input line 148.
! Undefined control sequence.
<argument> \g__tbl_row_int 
                           
l.150 K
       erim and Efe (2021) & ANN & GTSRB & 95.0 & Hybrid ANN with HOG, LBP \\
The control sequence at the end of the top line
of your error message was never \def'ed. If you have
misspelled it (e.g., `\hobx'), type `I' and the correct
spelling (e.g., `I\hbox'). Otherwise just continue,
and I'll forget about whatever was undefined.

! You can't use `the character -' after \advance.
\int_gdecr:N #1->\tex_global:D \tex_advance:D #1-
                                                 \c_one_int 
l.150 K
       erim and Efe (2021) & ANN & GTSRB & 95.0 & Hybrid ANN with HOG, LBP \\
I'm forgetting what you said and not changing anything.

Missing character: There is no ^^A in font [./font/LiberationSerif-Regular.ttf]
/OT:script=latn;language=dflt;mapping=tex-text;!
! Undefined control sequence.
<argument> \g__tbl_row_int 
                           
l.150 K
       erim and Efe (2021) & ANN & GTSRB & 95.0 & Hybrid ANN with HOG, LBP \\
The control sequence at the end of the top line
of your error message was never \def'ed. If you have
misspelled it (e.g., `\hobx'), type `I' and the correct
spelling (e.g., `I\hbox'). Otherwise just continue,
and I'll forget about whatever was undefined.

! You can't use `the character -' after \advance.
\int_gdecr:N #1->\tex_global:D \tex_advance:D #1-
                                                 \c_one_int 
l.150 K
       erim and Efe (2021) & ANN & GTSRB & 95.0 & Hybrid ANN with HOG, LBP \\
I'm forgetting what you said and not changing anything.

Missing character: There is no ^^A in font [./font/LiberationSerif-Regular.ttf]
/OT:script=latn;language=dflt;mapping=tex-text;!
! Undefined control sequence.
<argument> \g__tbl_row_int 
                           
l.152 L
       i et al. (2022) & Color Histogram + PCA + HOG & GTSRB & 99.99 & Dimen...
The control sequence at the end of the top line
of your error message was never \def'ed. If you have
misspelled it (e.g., `\hobx'), type `I' and the correct
spelling (e.g., `I\hbox'). Otherwise just continue,
and I'll forget about whatever was undefined.

! You can't use `the character -' after \advance.
\int_gdecr:N #1->\tex_global:D \tex_advance:D #1-
                                                 \c_one_int 
l.152 L
       i et al. (2022) & Color Histogram + PCA + HOG & GTSRB & 99.99 & Dimen...
I'm forgetting what you said and not changing anything.

Missing character: There is no ^^A in font [./font/LiberationSerif-Regular.ttf]
/OT:script=latn;language=dflt;mapping=tex-text;!
! Undefined control sequence.
<argument> \g__tbl_row_int 
                           
l.152 L
       i et al. (2022) & Color Histogram + PCA + HOG & GTSRB & 99.99 & Dimen...
The control sequence at the end of the top line
of your error message was never \def'ed. If you have
misspelled it (e.g., `\hobx'), type `I' and the correct
spelling (e.g., `I\hbox'). Otherwise just continue,
and I'll forget about whatever was undefined.

! You can't use `the character -' after \advance.
\int_gdecr:N #1->\tex_global:D \tex_advance:D #1-
                                                 \c_one_int 
l.152 L
       i et al. (2022) & Color Histogram + PCA + HOG & GTSRB & 99.99 & Dimen...
I'm forgetting what you said and not changing anything.

Missing character: There is no ^^A in font [./font/LiberationSerif-Regular.ttf]
/OT:script=latn;language=dflt;mapping=tex-text;!

Underfull \hbox (badness 2460) in paragraph at lines 152--152
[][]|\TU/LiberationSerif-Regular.ttf(0)/m/n/6 Color Histogram[]
 []

! Undefined control sequence.
<argument> \g__tbl_row_int 
                           
l.154 Z
       aibi et al. (2021) & LeNet-5 & GTSRB, BTSD & 99.84 (GTSRB), 98.37 (BT...
The control sequence at the end of the top line
of your error message was never \def'ed. If you have
misspelled it (e.g., `\hobx'), type `I' and the correct
spelling (e.g., `I\hbox'). Otherwise just continue,
and I'll forget about whatever was undefined.

! You can't use `the character -' after \advance.
\int_gdecr:N #1->\tex_global:D \tex_advance:D #1-
                                                 \c_one_int 
l.154 Z
       aibi et al. (2021) & LeNet-5 & GTSRB, BTSD & 99.84 (GTSRB), 98.37 (BT...
I'm forgetting what you said and not changing anything.

Missing character: There is no ^^A in font [./font/LiberationSerif-Regular.ttf]
/OT:script=latn;language=dflt;mapping=tex-text;!
! Undefined control sequence.
<argument> \g__tbl_row_int 
                           
l.154 Z
       aibi et al. (2021) & LeNet-5 & GTSRB, BTSD & 99.84 (GTSRB), 98.37 (BT...
The control sequence at the end of the top line
of your error message was never \def'ed. If you have
misspelled it (e.g., `\hobx'), type `I' and the correct
spelling (e.g., `I\hbox'). Otherwise just continue,
and I'll forget about whatever was undefined.

! You can't use `the character -' after \advance.
\int_gdecr:N #1->\tex_global:D \tex_advance:D #1-
                                                 \c_one_int 
l.154 Z
       aibi et al. (2021) & LeNet-5 & GTSRB, BTSD & 99.84 (GTSRB), 98.37 (BT...
I'm forgetting what you said and not changing anything.

Missing character: There is no ^^A in font [./font/LiberationSerif-Regular.ttf]
/OT:script=latn;language=dflt;mapping=tex-text;!
! Undefined control sequence.
<argument> \g__tbl_row_int 
                           
l.156 B
       angquan and Xiong (2019) & Efficient CNN & GTSRB, LISA & 98.6 & Combi...
The control sequence at the end of the top line
of your error message was never \def'ed. If you have
misspelled it (e.g., `\hobx'), type `I' and the correct
spelling (e.g., `I\hbox'). Otherwise just continue,
and I'll forget about whatever was undefined.

! You can't use `the character -' after \advance.
\int_gdecr:N #1->\tex_global:D \tex_advance:D #1-
                                                 \c_one_int 
l.156 B
       angquan and Xiong (2019) & Efficient CNN & GTSRB, LISA & 98.6 & Combi...
I'm forgetting what you said and not changing anything.

Missing character: There is no ^^A in font [./font/LiberationSerif-Regular.ttf]
/OT:script=latn;language=dflt;mapping=tex-text;!
! Undefined control sequence.
<argument> \g__tbl_row_int 
                           
l.156 B
       angquan and Xiong (2019) & Efficient CNN & GTSRB, LISA & 98.6 & Combi...
The control sequence at the end of the top line
of your error message was never \def'ed. If you have
misspelled it (e.g., `\hobx'), type `I' and the correct
spelling (e.g., `I\hbox'). Otherwise just continue,
and I'll forget about whatever was undefined.

! You can't use `the character -' after \advance.
\int_gdecr:N #1->\tex_global:D \tex_advance:D #1-
                                                 \c_one_int 
l.156 B
       angquan and Xiong (2019) & Efficient CNN & GTSRB, LISA & 98.6 & Combi...
I'm forgetting what you said and not changing anything.

Missing character: There is no ^^A in font [./font/LiberationSerif-Regular.ttf]
/OT:script=latn;language=dflt;mapping=tex-text;!

Underfull \hbox (badness 6125) in paragraph at lines 156--156
[][]|\TU/LiberationSerif-Regular.ttf(0)/m/n/6 Bangquan and Xiong[]
 []

! Undefined control sequence.
<argument> \g__tbl_row_int 
                           
l.158 V
       incent et al. (2020) & CNN & GTSRB, TT100K & 98.44 & Basic CNN with d...
The control sequence at the end of the top line
of your error message was never \def'ed. If you have
misspelled it (e.g., `\hobx'), type `I' and the correct
spelling (e.g., `I\hbox'). Otherwise just continue,
and I'll forget about whatever was undefined.

! You can't use `the character -' after \advance.
\int_gdecr:N #1->\tex_global:D \tex_advance:D #1-
                                                 \c_one_int 
l.158 V
       incent et al. (2020) & CNN & GTSRB, TT100K & 98.44 & Basic CNN with d...
I'm forgetting what you said and not changing anything.

Missing character: There is no ^^A in font [./font/LiberationSerif-Regular.ttf]
/OT:script=latn;language=dflt;mapping=tex-text;!
! Undefined control sequence.
<argument> \g__tbl_row_int 
                           
l.158 V
       incent et al. (2020) & CNN & GTSRB, TT100K & 98.44 & Basic CNN with d...
The control sequence at the end of the top line
of your error message was never \def'ed. If you have
misspelled it (e.g., `\hobx'), type `I' and the correct
spelling (e.g., `I\hbox'). Otherwise just continue,
and I'll forget about whatever was undefined.

! You can't use `the character -' after \advance.
\int_gdecr:N #1->\tex_global:D \tex_advance:D #1-
                                                 \c_one_int 
l.158 V
       incent et al. (2020) & CNN & GTSRB, TT100K & 98.44 & Basic CNN with d...
I'm forgetting what you said and not changing anything.

Missing character: There is no ^^A in font [./font/LiberationSerif-Regular.ttf]
/OT:script=latn;language=dflt;mapping=tex-text;!
! Undefined control sequence.
<argument> \g__tbl_row_int 
                           
l.160 M
       ishra and Goyal (2022) & CNN & GTSRB, BTSC, Mapillary & 99.76 (GTSRB)...
The control sequence at the end of the top line
of your error message was never \def'ed. If you have
misspelled it (e.g., `\hobx'), type `I' and the correct
spelling (e.g., `I\hbox'). Otherwise just continue,
and I'll forget about whatever was undefined.

! You can't use `the character -' after \advance.
\int_gdecr:N #1->\tex_global:D \tex_advance:D #1-
                                                 \c_one_int 
l.160 M
       ishra and Goyal (2022) & CNN & GTSRB, BTSC, Mapillary & 99.76 (GTSRB)...
I'm forgetting what you said and not changing anything.

Missing character: There is no ^^A in font [./font/LiberationSerif-Regular.ttf]
/OT:script=latn;language=dflt;mapping=tex-text;!
! Undefined control sequence.
<argument> \g__tbl_row_int 
                           
l.160 M
       ishra and Goyal (2022) & CNN & GTSRB, BTSC, Mapillary & 99.76 (GTSRB)...
The control sequence at the end of the top line
of your error message was never \def'ed. If you have
misspelled it (e.g., `\hobx'), type `I' and the correct
spelling (e.g., `I\hbox'). Otherwise just continue,
and I'll forget about whatever was undefined.

! You can't use `the character -' after \advance.
\int_gdecr:N #1->\tex_global:D \tex_advance:D #1-
                                                 \c_one_int 
l.160 M
       ishra and Goyal (2022) & CNN & GTSRB, BTSC, Mapillary & 99.76 (GTSRB)...
I'm forgetting what you said and not changing anything.

Missing character: There is no ^^A in font [./font/LiberationSerif-Regular.ttf]
/OT:script=latn;language=dflt;mapping=tex-text;!

Underfull \hbox (badness 10000) in paragraph at lines 160--160
[][]|\TU/LiberationSerif-Regular.ttf(0)/m/n/6 Mishra and Goyal[]
 []

! Undefined control sequence.
<argument> \g__tbl_row_int 
                           
l.162 C
       hu et al. (2023) & TRD-YOLO & TT100K, Mapillary & 99.4 (TT100K), 98.5...
The control sequence at the end of the top line
of your error message was never \def'ed. If you have
misspelled it (e.g., `\hobx'), type `I' and the correct
spelling (e.g., `I\hbox'). Otherwise just continue,
and I'll forget about whatever was undefined.

! You can't use `the character -' after \advance.
\int_gdecr:N #1->\tex_global:D \tex_advance:D #1-
                                                 \c_one_int 
l.162 C
       hu et al. (2023) & TRD-YOLO & TT100K, Mapillary & 99.4 (TT100K), 98.5...
I'm forgetting what you said and not changing anything.

Missing character: There is no ^^A in font [./font/LiberationSerif-Regular.ttf]
/OT:script=latn;language=dflt;mapping=tex-text;!
! Undefined control sequence.
<argument> \g__tbl_row_int 
                           
l.162 C
       hu et al. (2023) & TRD-YOLO & TT100K, Mapillary & 99.4 (TT100K), 98.5...
The control sequence at the end of the top line
of your error message was never \def'ed. If you have
misspelled it (e.g., `\hobx'), type `I' and the correct
spelling (e.g., `I\hbox'). Otherwise just continue,
and I'll forget about whatever was undefined.

! You can't use `the character -' after \advance.
\int_gdecr:N #1->\tex_global:D \tex_advance:D #1-
                                                 \c_one_int 
l.162 C
       hu et al. (2023) & TRD-YOLO & TT100K, Mapillary & 99.4 (TT100K), 98.5...
I'm forgetting what you said and not changing anything.

Missing character: There is no ^^A in font [./font/LiberationSerif-Regular.ttf]
/OT:script=latn;language=dflt;mapping=tex-text;!

Underfull \hbox (badness 10000) in paragraph at lines 162--162
[][]|\TU/LiberationSerif-Regular.ttf(0)/m/n/6 99.4 (TT100K), 98.5[]
 []

! Undefined control sequence.
<argument> \g__tbl_row_int 
                           
l.164 W
       ang et al. (2021) & YOLOv5 & TT100K, GTSRB & 99.2 (TT100K), 98.9 (GTS...
The control sequence at the end of the top line
of your error message was never \def'ed. If you have
misspelled it (e.g., `\hobx'), type `I' and the correct
spelling (e.g., `I\hbox'). Otherwise just continue,
and I'll forget about whatever was undefined.

! You can't use `the character -' after \advance.
\int_gdecr:N #1->\tex_global:D \tex_advance:D #1-
                                                 \c_one_int 
l.164 W
       ang et al. (2021) & YOLOv5 & TT100K, GTSRB & 99.2 (TT100K), 98.9 (GTS...
I'm forgetting what you said and not changing anything.

Missing character: There is no ^^A in font [./font/LiberationSerif-Regular.ttf]
/OT:script=latn;language=dflt;mapping=tex-text;!
! Undefined control sequence.
<argument> \g__tbl_row_int 
                           
l.164 W
       ang et al. (2021) & YOLOv5 & TT100K, GTSRB & 99.2 (TT100K), 98.9 (GTS...
The control sequence at the end of the top line
of your error message was never \def'ed. If you have
misspelled it (e.g., `\hobx'), type `I' and the correct
spelling (e.g., `I\hbox'). Otherwise just continue,
and I'll forget about whatever was undefined.

! You can't use `the character -' after \advance.
\int_gdecr:N #1->\tex_global:D \tex_advance:D #1-
                                                 \c_one_int 
l.164 W
       ang et al. (2021) & YOLOv5 & TT100K, GTSRB & 99.2 (TT100K), 98.9 (GTS...
I'm forgetting what you said and not changing anything.

Missing character: There is no ^^A in font [./font/LiberationSerif-Regular.ttf]
/OT:script=latn;language=dflt;mapping=tex-text;!

Underfull \hbox (badness 10000) in paragraph at lines 164--164
[][]|\TU/LiberationSerif-Regular.ttf(0)/m/n/6 99.2 (TT100K), 98.9[]
 []

! Undefined control sequence.
<argument> \g__tbl_row_int 
                           
l.166 M
       ingwin et al. (2024) & Vision Transformer & GTSRB, BTSC, Mapillary & ...
The control sequence at the end of the top line
of your error message was never \def'ed. If you have
misspelled it (e.g., `\hobx'), type `I' and the correct
spelling (e.g., `I\hbox'). Otherwise just continue,
and I'll forget about whatever was undefined.

! You can't use `the character -' after \advance.
\int_gdecr:N #1->\tex_global:D \tex_advance:D #1-
                                                 \c_one_int 
l.166 M
       ingwin et al. (2024) & Vision Transformer & GTSRB, BTSC, Mapillary & ...
I'm forgetting what you said and not changing anything.

Missing character: There is no ^^A in font [./font/LiberationSerif-Regular.ttf]
/OT:script=latn;language=dflt;mapping=tex-text;!
! Undefined control sequence.
<argument> \g__tbl_row_int 
                           
l.166 M
       ingwin et al. (2024) & Vision Transformer & GTSRB, BTSC, Mapillary & ...
The control sequence at the end of the top line
of your error message was never \def'ed. If you have
misspelled it (e.g., `\hobx'), type `I' and the correct
spelling (e.g., `I\hbox'). Otherwise just continue,
and I'll forget about whatever was undefined.

! You can't use `the character -' after \advance.
\int_gdecr:N #1->\tex_global:D \tex_advance:D #1-
                                                 \c_one_int 
l.166 M
       ingwin et al. (2024) & Vision Transformer & GTSRB, BTSC, Mapillary & ...
I'm forgetting what you said and not changing anything.

Missing character: There is no ^^A in font [./font/LiberationSerif-Regular.ttf]
/OT:script=latn;language=dflt;mapping=tex-text;!

Underfull \hbox (badness 10000) in paragraph at lines 166--166
[][]|\TU/LiberationSerif-Regular.ttf(0)/m/n/6 Vision Trans-[]
 []


Underfull \hbox (badness 3849) in paragraph at lines 166--166
[][]|\TU/LiberationSerif-Regular.ttf(0)/m/n/6 99.85 (GTSRB), 99.9[]
 []

! Undefined control sequence.
<argument> \g__tbl_row_int 
                           
l.168 \end
          {longtable}
The control sequence at the end of the top line
of your error message was never \def'ed. If you have
misspelled it (e.g., `\hobx'), type `I' and the correct
spelling (e.g., `I\hbox'). Otherwise just continue,
and I'll forget about whatever was undefined.

! You can't use `the character -' after \advance.
\int_gdecr:N #1->\tex_global:D \tex_advance:D #1-
                                                 \c_one_int 
l.168 \end
          {longtable}
I'm forgetting what you said and not changing anything.

Missing character: There is no ^^A in font [./font/LiberationSerif-Regular.ttf]
/OT:script=latn;language=dflt;mapping=tex-text;!
! Undefined control sequence.
<argument> \g__tbl_row_int 
                           
l.168 \end
          {longtable}
The control sequence at the end of the top line
of your error message was never \def'ed. If you have
misspelled it (e.g., `\hobx'), type `I' and the correct
spelling (e.g., `I\hbox'). Otherwise just continue,
and I'll forget about whatever was undefined.

! You can't use `the character -' after \advance.
\int_gdecr:N #1->\tex_global:D \tex_advance:D #1-
                                                 \c_one_int 
l.168 \end
          {longtable}
I'm forgetting what you said and not changing anything.

Missing character: There is no ^^A in font [./font/LiberationSerif-Regular.ttf]
/OT:script=latn;language=dflt;mapping=tex-text;!

Overfull \hbox (5.21933pt too wide) in paragraph at lines 190--191
[][]\TU/IRLotusICEE.ttf(0)/m/n/12 سایر دیتاست‌ها، علی‌رغم داشتن ویژگی‌های مثبت،
 به دلیل محدودیت‌هایی مانند تمرکز جغرافیایی محدود،[]
 []


Overfull \hbox (2.59683pt too wide) in paragraph at lines 190--191
[]\TU/IRLotusICEE.ttf(0)/m/n/12 کنترل‌شده، فاقد تنوع لازم برای استفاده در شرایط
 واقعی بود. همچنین، پیچیدگی انوتیشن‌ها در []\TU/LiberationSerif-Regular.ttf(0)/
m/n/12 Mapillary[][]
 []


Package fancyhdr Warning: \headheight is too small (12.0pt): 
(fancyhdr)                Make it at least 14.86447pt, for example:
(fancyhdr)                \setlength{\headheight}{14.86447pt}.
(fancyhdr)                You might also make \topmargin smaller to compensate:

(fancyhdr)                \addtolength{\topmargin}{-2.86447pt}.

\openout5 = `main29.mw'.

[46

] (main29.mw)
\openout5 = `main29.mw'.

\openout5 = `main29.mw'.

\openout5 = `main29.mw'.

File: ./img/all_classes_sample.png Graphic file (type bmp)
<./img/all_classes_sample.png>


Package fancyhdr Warning: \headheight is too small (12.0pt): 
(fancyhdr)                Make it at least 14.86447pt, for example:
(fancyhdr)                \setlength{\headheight}{14.86447pt}.
(fancyhdr)                You might also make \topmargin smaller to compensate:

(fancyhdr)                \addtolength{\topmargin}{-2.86447pt}.

\openout5 = `main29.mw'.

[47] (main29.mw)
\openout5 = `main29.mw'.

\openout5 = `main29.mw'.

\openout5 = `main29.mw'.



Package fancyhdr Warning: \headheight is too small (12.0pt): 
(fancyhdr)                Make it at least 14.86447pt, for example:
(fancyhdr)                \setlength{\headheight}{14.86447pt}.
(fancyhdr)                You might also make \topmargin smaller to compensate:

(fancyhdr)                \addtolength{\topmargin}{-2.86447pt}.

\openout5 = `main29.mw'.

[48] (main29.mw)
\openout5 = `main29.mw'.

\openout5 = `main29.mw'.

\openout5 = `main29.mw'.



Package array Warning: Column M is already defined on input line 219.

File: ./img/0.png Graphic file (type bmp)
<./img/0.png>
File: ./img/1.png Graphic file (type bmp)
<./img/1.png>
File: ./img/2.png Graphic file (type bmp)
<./img/2.png>
File: ./img/3.png Graphic file (type bmp)
<./img/3.png>
File: ./img/4.png Graphic file (type bmp)
<./img/4.png>
File: ./img/5.png Graphic file (type bmp)
<./img/5.png>
File: ./img/7.png Graphic file (type bmp)
<./img/7.png>
File: ./img/8.png Graphic file (type bmp)
<./img/8.png>
File: ./img/9.png Graphic file (type bmp)
<./img/9.png>
File: ./img/10.png Graphic file (type bmp)
<./img/10.png>
File: ./img/15.png Graphic file (type bmp)
<./img/15.png>
File: ./img/16.png Graphic file (type bmp)
<./img/16.png>
File: ./img/6.png Graphic file (type bmp)
<./img/6.png>
File: ./img/32.png Graphic file (type bmp)
<./img/32.png>
File: ./img/41.png Graphic file (type bmp)
<./img/41.png>
File: ./img/42.png Graphic file (type bmp)
<./img/42.png>
File: ./img/33.png Graphic file (type bmp)
<./img/33.png>
File: ./img/34.png Graphic file (type bmp)
<./img/34.png>
File: ./img/35.png Graphic file (type bmp)
<./img/35.png>
File: ./img/36.png Graphic file (type bmp)
<./img/36.png>
File: ./img/37.png Graphic file (type bmp)
<./img/37.png>
File: ./img/38.png Graphic file (type bmp)
<./img/38.png>
File: ./img/39.png Graphic file (type bmp)
<./img/39.png>
File: ./img/18.png Graphic file (type bmp)
<./img/18.png>
File: ./img/30.png Graphic file (type bmp)
<./img/30.png>
File: ./img/24.png Graphic file (type bmp)
<./img/24.png>
File: ./img/23.png Graphic file (type bmp)
<./img/23.png>
File: ./img/20.png Graphic file (type bmp)
<./img/20.png>
File: ./img/19.png Graphic file (type bmp)
<./img/19.png>
File: ./img/22.png Graphic file (type bmp)
<./img/22.png>
File: ./img/29.png Graphic file (type bmp)
<./img/29.png>
File: ./img/28.png Graphic file (type bmp)
<./img/28.png>
File: ./img/27.png Graphic file (type bmp)
<./img/27.png>
File: ./img/26.png Graphic file (type bmp)
<./img/26.png>
File: ./img/25.png Graphic file (type bmp)
<./img/25.png>
File: ./img/31.png Graphic file (type bmp)
<./img/31.png>
File: ./img/11.png Graphic file (type bmp)
<./img/11.png>
File: ./img/21.png Graphic file (type bmp)
<./img/21.png>
File: ./img/13.png Graphic file (type bmp)
<./img/13.png>
File: ./img/14.png Graphic file (type bmp)
<./img/14.png>
File: ./img/12.png Graphic file (type bmp)
<./img/12.png>
File: ./img/17.png Graphic file (type bmp)
<./img/17.png>

Package fancyhdr Warning: \headheight is too small (12.0pt): 
(fancyhdr)                Make it at least 14.86447pt, for example:
(fancyhdr)                \setlength{\headheight}{14.86447pt}.
(fancyhdr)                You might also make \topmargin smaller to compensate:

(fancyhdr)                \addtolength{\topmargin}{-2.86447pt}.

\openout5 = `main29.mw'.

[49] (main29.mw)
\openout5 = `main29.mw'.



Package fancyhdr Warning: \headheight is too small (12.0pt): 
(fancyhdr)                Make it at least 14.86447pt, for example:
(fancyhdr)                \setlength{\headheight}{14.86447pt}.
(fancyhdr)                You might also make \topmargin smaller to compensate:

(fancyhdr)                \addtolength{\topmargin}{-2.86447pt}.

\openout5 = `main29.mw'.

[50] (main29.mw)
\openout5 = `main29.mw'.



Package array Warning: Column M is already defined on input line 303.

File: ./img/0.png Graphic file (type bmp)
<./img/0.png>
File: ./img/1.png Graphic file (type bmp)
<./img/1.png>
File: ./img/2.png Graphic file (type bmp)
<./img/2.png>
File: ./img/3.png Graphic file (type bmp)
<./img/3.png>
File: ./img/4.png Graphic file (type bmp)
<./img/4.png>
File: ./img/5.png Graphic file (type bmp)
<./img/5.png>
File: ./img/7.png Graphic file (type bmp)
<./img/7.png>
File: ./img/8.png Graphic file (type bmp)
<./img/8.png>
File: ./img/9.png Graphic file (type bmp)
<./img/9.png>
File: ./img/10.png Graphic file (type bmp)
<./img/10.png>
File: ./img/11.png Graphic file (type bmp)
<./img/11.png>
File: ./img/13.png Graphic file (type bmp)
<./img/13.png>
File: ./img/14.png Graphic file (type bmp)
<./img/14.png>
File: ./img/15.png Graphic file (type bmp)
<./img/15.png>
File: ./img/16.png Graphic file (type bmp)
<./img/16.png>
File: ./img/17.png Graphic file (type bmp)
<./img/17.png>
File: ./img/18.png Graphic file (type bmp)
<./img/18.png>
File: ./img/19.png Graphic file (type bmp)
<./img/19.png>
File: ./img/20.png Graphic file (type bmp)
<./img/20.png>
File: ./img/21.png Graphic file (type bmp)
<./img/21.png>
File: ./img/23.png Graphic file (type bmp)
<./img/23.png>
File: ./img/24.png Graphic file (type bmp)
<./img/24.png>
File: ./img/26.png Graphic file (type bmp)
<./img/26.png>
File: ./img/27.png Graphic file (type bmp)
<./img/27.png>
File: ./img/28.png Graphic file (type bmp)
<./img/28.png>
File: ./img/29.png Graphic file (type bmp)
<./img/29.png>
File: ./img/30.png Graphic file (type bmp)
<./img/30.png>
File: ./img/6.png Graphic file (type bmp)
<./img/6.png>
File: ./img/32.png Graphic file (type bmp)
<./img/32.png>
File: ./img/41.png Graphic file (type bmp)
<./img/41.png>
File: ./img/42.png Graphic file (type bmp)
<./img/42.png>
File: ./img/22.png Graphic file (type bmp)
<./img/22.png>
File: ./img/25.png Graphic file (type bmp)
<./img/25.png>
File: ./img/12.png Graphic file (type bmp)
<./img/12.png>
File: ./img/33.png Graphic file (type bmp)
<./img/33.png>
File: ./img/34.png Graphic file (type bmp)
<./img/34.png>
File: ./img/35.png Graphic file (type bmp)
<./img/35.png>
File: ./img/36.png Graphic file (type bmp)
<./img/36.png>
File: ./img/37.png Graphic file (type bmp)
<./img/37.png>
File: ./img/38.png Graphic file (type bmp)
<./img/38.png>
File: ./img/39.png Graphic file (type bmp)
<./img/39.png>
File: ./img/40.png Graphic file (type bmp)
<./img/40.png>
File: ./img/0.png Graphic file (type bmp)
<./img/0.png>
File: ./img/1.png Graphic file (type bmp)
<./img/1.png>
File: ./img/2.png Graphic file (type bmp)
<./img/2.png>
File: ./img/3.png Graphic file (type bmp)
<./img/3.png>
File: ./img/4.png Graphic file (type bmp)
<./img/4.png>
File: ./img/5.png Graphic file (type bmp)
<./img/5.png>
File: ./img/7.png Graphic file (type bmp)
<./img/7.png>
File: ./img/8.png Graphic file (type bmp)
<./img/8.png>
File: ./img/9.png Graphic file (type bmp)
<./img/9.png>
File: ./img/10.png Graphic file (type bmp)
<./img/10.png>
File: ./img/15.png Graphic file (type bmp)
<./img/15.png>
File: ./img/16.png Graphic file (type bmp)
<./img/16.png>
File: ./img/17.png Graphic file (type bmp)
<./img/17.png>
File: ./img/32.png Graphic file (type bmp)
<./img/32.png>
File: ./img/41.png Graphic file (type bmp)
<./img/41.png>
File: ./img/42.png Graphic file (type bmp)
<./img/42.png>
File: ./img/33.png Graphic file (type bmp)
<./img/33.png>
File: ./img/34.png Graphic file (type bmp)
<./img/34.png>
File: ./img/35.png Graphic file (type bmp)
<./img/35.png>
File: ./img/36.png Graphic file (type bmp)
<./img/36.png>
File: ./img/37.png Graphic file (type bmp)
<./img/37.png>
File: ./img/38.png Graphic file (type bmp)
<./img/38.png>
File: ./img/39.png Graphic file (type bmp)
<./img/39.png>
File: ./img/40.png Graphic file (type bmp)
<./img/40.png>
File: ./img/11.png Graphic file (type bmp)
<./img/11.png>
File: ./img/18.png Graphic file (type bmp)
<./img/18.png>
File: ./img/19.png Graphic file (type bmp)
<./img/19.png>
File: ./img/20.png Graphic file (type bmp)
<./img/20.png>
File: ./img/21.png Graphic file (type bmp)
<./img/21.png>
File: ./img/22.png Graphic file (type bmp)
<./img/22.png>
File: ./img/23.png Graphic file (type bmp)
<./img/23.png>
File: ./img/24.png Graphic file (type bmp)
<./img/24.png>
File: ./img/25.png Graphic file (type bmp)
<./img/25.png>
File: ./img/26.png Graphic file (type bmp)
<./img/26.png>
File: ./img/27.png Graphic file (type bmp)
<./img/27.png>
File: ./img/28.png Graphic file (type bmp)
<./img/28.png>
File: ./img/29.png Graphic file (type bmp)
<./img/29.png>
File: ./img/30.png Graphic file (type bmp)
<./img/30.png>
File: ./img/31.png Graphic file (type bmp)
<./img/31.png>
File: ./img/12.png Graphic file (type bmp)
<./img/12.png>
File: ./img/13.png Graphic file (type bmp)
<./img/13.png>
File: ./img/14.png Graphic file (type bmp)
<./img/14.png>

LaTeX Warning: `h' float specifier changed to `ht'.


Package fancyhdr Warning: \headheight is too small (12.0pt): 
(fancyhdr)                Make it at least 14.86447pt, for example:
(fancyhdr)                \setlength{\headheight}{14.86447pt}.
(fancyhdr)                You might also make \topmargin smaller to compensate:

(fancyhdr)                \addtolength{\topmargin}{-2.86447pt}.

\openout5 = `main29.mw'.

[51


] (main29.mw)
\openout5 = `main29.mw'.



Package fancyhdr Warning: \headheight is too small (12.0pt): 
(fancyhdr)                Make it at least 14.86447pt, for example:
(fancyhdr)                \setlength{\headheight}{14.86447pt}.
(fancyhdr)                You might also make \topmargin smaller to compensate:

(fancyhdr)                \addtolength{\topmargin}{-2.86447pt}.

\openout5 = `main29.mw'.

[52] (main29.mw)
\openout5 = `main29.mw'.

File: bar_chart_unsorted.png Graphic file (type bmp)
<bar_chart_unsorted.png>

Overfull \hbox (85.35696pt too wide) in paragraph at lines 446--447
 [][][][][][] 
 []

File: ./img/bar_chart_sorted.png Graphic file (type bmp)
<./img/bar_chart_sorted.png>

Underfull \vbox (badness 10000) has occurred while \output is active []



Package fancyhdr Warning: \headheight is too small (12.0pt): 
(fancyhdr)                Make it at least 14.86447pt, for example:
(fancyhdr)                \setlength{\headheight}{14.86447pt}.
(fancyhdr)                You might also make \topmargin smaller to compensate:

(fancyhdr)                \addtolength{\topmargin}{-2.86447pt}.

\openout5 = `main29.mw'.

[53

] (main29.mw)
\openout5 = `main29.mw'.

\openout5 = `main29.mw'.

\openout5 = `main29.mw'.

\openout5 = `main29.mw'.

\openout5 = `main29.mw'.



Package fancyhdr Warning: \headheight is too small (12.0pt): 
(fancyhdr)                Make it at least 14.86447pt, for example:
(fancyhdr)                \setlength{\headheight}{14.86447pt}.
(fancyhdr)                You might also make \topmargin smaller to compensate:

(fancyhdr)                \addtolength{\topmargin}{-2.86447pt}.

\openout5 = `main29.mw'.

[54] (main29.mw)
\openout5 = `main29.mw'.

\openout5 = `main29.mw'.

\openout5 = `main29.mw'.

File: ./img/sample_ditribution.png Graphic file (type bmp)
<./img/sample_ditribution.png>

Underfull \vbox (badness 10000) has occurred while \output is active []



Package fancyhdr Warning: \headheight is too small (12.0pt): 
(fancyhdr)                Make it at least 14.86447pt, for example:
(fancyhdr)                \setlength{\headheight}{14.86447pt}.
(fancyhdr)                You might also make \topmargin smaller to compensate:

(fancyhdr)                \addtolength{\topmargin}{-2.86447pt}.

\openout5 = `main29.mw'.

[55] (main29.mw)
\openout5 = `main29.mw'.

File: ./img/cocept_based percentage.png Graphic file (type bmp)
<./img/cocept_based percentage.png>

Underfull \vbox (badness 10000) has occurred while \output is active []



Package fancyhdr Warning: \headheight is too small (12.0pt): 
(fancyhdr)                Make it at least 14.86447pt, for example:
(fancyhdr)                \setlength{\headheight}{14.86447pt}.
(fancyhdr)                You might also make \topmargin smaller to compensate:

(fancyhdr)                \addtolength{\topmargin}{-2.86447pt}.

\openout5 = `main29.mw'.

[56] (main29.mw)
\openout5 = `main29.mw'.


Underfull \vbox (badness 10000) has occurred while \output is active []



Package fancyhdr Warning: \headheight is too small (12.0pt): 
(fancyhdr)                Make it at least 14.86447pt, for example:
(fancyhdr)                \setlength{\headheight}{14.86447pt}.
(fancyhdr)                You might also make \topmargin smaller to compensate:

(fancyhdr)                \addtolength{\topmargin}{-2.86447pt}.

\openout5 = `main29.mw'.

[57] (main29.mw)
\openout5 = `main29.mw'.

File: ./img/sample_augmented_1.png Graphic file (type bmp)
<./img/sample_augmented_1.png>
File: ./img/sample_augmented_2.png Graphic file (type bmp)
<./img/sample_augmented_2.png>
File: ./img/class_distribution_comparison.png Graphic file (type bmp)
<./img/class_distribution_comparison.png>

Underfull \vbox (badness 10000) has occurred while \output is active []



Package fancyhdr Warning: \headheight is too small (12.0pt): 
(fancyhdr)                Make it at least 14.86447pt, for example:
(fancyhdr)                \setlength{\headheight}{14.86447pt}.
(fancyhdr)                You might also make \topmargin smaller to compensate:

(fancyhdr)                \addtolength{\topmargin}{-2.86447pt}.

\openout5 = `main29.mw'.

[58] (main29.mw)
\openout5 = `main29.mw'.

\openout5 = `main29.mw'.

\openout5 = `main29.mw'.


Underfull \vbox (badness 10000) has occurred while \output is active []



Package fancyhdr Warning: \headheight is too small (12.0pt): 
(fancyhdr)                Make it at least 14.86447pt, for example:
(fancyhdr)                \setlength{\headheight}{14.86447pt}.
(fancyhdr)                You might also make \topmargin smaller to compensate:

(fancyhdr)                \addtolength{\topmargin}{-2.86447pt}.

\openout5 = `main29.mw'.

[59] (main29.mw)
\openout5 = `main29.mw'.


Overfull \hbox (1.16936pt too wide) in paragraph at lines 551--552
[][]\TU/IRLotusICEE.ttf(0)/m/n/12 در ادامه، جدول [][][]\TU/IRLotusICEE.ttf(1)/m
/it/12 ۴\TU/IRLotusICEE.ttf(0)/m/n/12 .‏\TU/IRLotusICEE.ttf(1)/m/it/12 ۷[][][] 
\TU/IRLotusICEE.ttf(0)/m/n/12 به صورت جزئی‌تر به بررسی نسبت‌های عدم تعادل در زی
رگروه‌های مفهومی می‌پردازد[]
 []


Package fancyhdr Warning: \headheight is too small (12.0pt): 
(fancyhdr)                Make it at least 14.86447pt, for example:
(fancyhdr)                \setlength{\headheight}{14.86447pt}.
(fancyhdr)                You might also make \topmargin smaller to compensate:

(fancyhdr)                \addtolength{\topmargin}{-2.86447pt}.

\openout5 = `main29.mw'.

[60] (main29.mw)
\openout5 = `main29.mw'.

\openout5 = `main29.mw'.

\openout5 = `main29.mw'.



Package fancyhdr Warning: \headheight is too small (12.0pt): 
(fancyhdr)                Make it at least 14.86447pt, for example:
(fancyhdr)                \setlength{\headheight}{14.86447pt}.
(fancyhdr)                You might also make \topmargin smaller to compensate:

(fancyhdr)                \addtolength{\topmargin}{-2.86447pt}.

\openout5 = `main29.mw'.

[61

] (main29.mw)
\openout5 = `main29.mw'.

\openout5 = `main29.mw'.

\openout5 = `main29.mw'.

File: ./img/normalized_example.png Graphic file (type bmp)
<./img/normalized_example.png>

Overfull \hbox (16.76257pt too wide) in paragraph at lines 635--638
[][]\TU/LiberationSerif-Regular.ttf(0)/m/n/12 Architecture[]\TU/IRLotusICEE.ttf
(0)/m/n/12 ) به دلیل طراحی سبک و توانایی بالا در یادگیری ویژگی‌ها در سیستم‌های 
کم‌منبع ([]\TU/LiberationSerif-Regular.ttf(0)/m/n/12 Resource-[][]
 []


Overfull \hbox (5.7748pt too wide) in paragraph at lines 635--638
[]\TU/IRLotusICEE.ttf(0)/m/n/12 در نظر گرفته شد. برای نمایش مراحل پیش‌پردازش، ن
مونه‌هایی از تصاویر اولیه، تصاویر پس از نرمال‌سازی،[]
 []


Package fancyhdr Warning: \headheight is too small (12.0pt): 
(fancyhdr)                Make it at least 14.86447pt, for example:
(fancyhdr)                \setlength{\headheight}{14.86447pt}.
(fancyhdr)                You might also make \topmargin smaller to compensate:

(fancyhdr)                \addtolength{\topmargin}{-2.86447pt}.

\openout5 = `main29.mw'.

[62] (main29.mw)
\openout5 = `main29.mw'.

LaTeX Font Info:    Font shape `TU/LiberationSerif-Regular.ttf(0)/b/n' will be
(Font)              scaled to size 8.0pt on input line 662.


Package fancyhdr Warning: \headheight is too small (12.0pt): 
(fancyhdr)                Make it at least 14.86447pt, for example:
(fancyhdr)                \setlength{\headheight}{14.86447pt}.
(fancyhdr)                You might also make \topmargin smaller to compensate:

(fancyhdr)                \addtolength{\topmargin}{-2.86447pt}.

\openout5 = `main29.mw'.

[63] (main29.mw)
\openout5 = `main29.mw'.

\openout5 = `main29.mw'.

\openout5 = `main29.mw'.

\openout5 = `main29.mw'.

\openout5 = `main29.mw'.


Overfull \hbox (3.95656pt too wide) in paragraph at lines 670--671
[][]\TU/IRLotusICEE.ttf(0)/m/n/12 نتایج آزمون []\TU/LiberationSerif-Regular.ttf
(0)/m/n/12 ANOVA[] \TU/IRLotusICEE.ttf(0)/m/n/12 نشان داد که تفاوت‌های مشاهده‌ش
ده بین مدل‌ها در داده‌های خام و پیش‌پردازش‌شده[]
 []


Overfull \hbox (0.42532pt too wide) in paragraph at lines 670--671
[]\TU/IRLotusICEE.ttf(0)/m/n/12 بدون پیش‌پردازش، ویژگی‌های عمومی تصاویر را به خ
وبی استخراج کند. همچنین، طراحی []\TU/LiberationSerif-Regular.ttf(0)/m/n/12 Mobi
leNet[][]
 []


Overfull \hbox (3.90823pt too wide) in paragraph at lines 670--671
[]\TU/IRLotusICEE.ttf(0)/m/n/12 عمل می‌کند، در حالی که مدل‌های پیچیده‌تر مانند 
[]\TU/LiberationSerif-Regular.ttf(0)/m/n/12 ResNet[] \TU/IRLotusICEE.ttf(0)/m/n
/12 و []\TU/LiberationSerif-Regular.ttf(0)/m/n/12 EfficientNet[] \TU/IRLotusICE
E.ttf(0)/m/n/12 به داده‌های پیش‌پردازش‌شده[]
 []

File: ./img/mobile_raw.png Graphic file (type bmp)
<./img/mobile_raw.png>
File: ./img/mobile_Aug.png Graphic file (type bmp)
<./img/mobile_Aug.png>
File: ./img/eff_raw.png Graphic file (type bmp)
<./img/eff_raw.png>
File: ./img/resNet_raw.png Graphic file (type bmp)
<./img/resNet_raw.png>
File: ./img/resNet_raw.png Graphic file (type bmp)
<./img/resNet_raw.png>
File: ./img/resNet_aug.png Graphic file (type bmp)
<./img/resNet_aug.png>

Underfull \vbox (badness 10000) has occurred while \output is active []



Package fancyhdr Warning: \headheight is too small (12.0pt): 
(fancyhdr)                Make it at least 14.86447pt, for example:
(fancyhdr)                \setlength{\headheight}{14.86447pt}.
(fancyhdr)                You might also make \topmargin smaller to compensate:

(fancyhdr)                \addtolength{\topmargin}{-2.86447pt}.

\openout5 = `main29.mw'.

[64] (main29.mw)
\openout5 = `main29.mw'.

\openout5 = `main29.mw'.

\openout5 = `main29.mw'.


Underfull \vbox (badness 10000) has occurred while \output is active []



Package fancyhdr Warning: \headheight is too small (12.0pt): 
(fancyhdr)                Make it at least 14.86447pt, for example:
(fancyhdr)                \setlength{\headheight}{14.86447pt}.
(fancyhdr)                You might also make \topmargin smaller to compensate:

(fancyhdr)                \addtolength{\topmargin}{-2.86447pt}.

\openout5 = `main29.mw'.

[65] (main29.mw)
\openout5 = `main29.mw'.

File: ./img/effect.png Graphic file (type bmp)
<./img/effect.png>


Package fancyhdr Warning: \headheight is too small (12.0pt): 
(fancyhdr)                Make it at least 14.86447pt, for example:
(fancyhdr)                \setlength{\headheight}{14.86447pt}.
(fancyhdr)                You might also make \topmargin smaller to compensate:

(fancyhdr)                \addtolength{\topmargin}{-2.86447pt}.

\openout5 = `main29.mw'.

[66] (main29.mw)
\openout5 = `main29.mw'.

\openout5 = `main29.mw'.

\openout5 = `main29.mw'.


Runaway argument?
{15
! Paragraph ended before \lr was complete.
<to be read again> 
                   \par 
l.741 
      
I suspect you've forgotten a `}', causing me to apply this
control sequence to too much text. How can we recover?
My plan is to forget the whole thing and hope for the best.


Underfull \vbox (badness 10000) has occurred while \output is active []



Package fancyhdr Warning: \headheight is too small (12.0pt): 
(fancyhdr)                Make it at least 14.86447pt, for example:
(fancyhdr)                \setlength{\headheight}{14.86447pt}.
(fancyhdr)                You might also make \topmargin smaller to compensate:

(fancyhdr)                \addtolength{\topmargin}{-2.86447pt}.

\openout5 = `main29.mw'.

[67] (main29.mw)
\openout5 = `main29.mw'.

\openout5 = `main29.mw'.

\openout5 = `main29.mw'.


Underfull \vbox (badness 10000) has occurred while \output is active []



Package fancyhdr Warning: \headheight is too small (12.0pt): 
(fancyhdr)                Make it at least 14.86447pt, for example:
(fancyhdr)                \setlength{\headheight}{14.86447pt}.
(fancyhdr)                You might also make \topmargin smaller to compensate:

(fancyhdr)                \addtolength{\topmargin}{-2.86447pt}.

\openout5 = `main29.mw'.

[68] (main29.mw)
\openout5 = `main29.mw'.

\openout5 = `main29.mw'.

\openout5 = `main29.mw'.

)

Package fancyhdr Warning: \headheight is too small (12.0pt): 
(fancyhdr)                Make it at least 14.86447pt, for example:
(fancyhdr)                \setlength{\headheight}{14.86447pt}.
(fancyhdr)                You might also make \topmargin smaller to compensate:

(fancyhdr)                \addtolength{\topmargin}{-2.86447pt}.

\openout5 = `main29.mw'.

[69] (main29.mw)
\openout5 = `main29.mw'.

\openout5 = `main29.mw'.

\openout5 = `main29.mw'.

\openout5 = `main29.mw'.

\openout5 = `main29.mw'.


No file main.bbl.
No file main.bls.

Package fancyhdr Warning: \headheight is too small (12.0pt): 
(fancyhdr)                Make it at least 14.86447pt, for example:
(fancyhdr)                \setlength{\headheight}{14.86447pt}.
(fancyhdr)                You might also make \topmargin smaller to compensate:

(fancyhdr)                \addtolength{\topmargin}{-2.86447pt}.

\openout5 = `main29.mw'.

[1






] (main29.mw)
\openout5 = `main29.mw'.


No file main.gls.

Package fancyhdr Warning: \headheight is too small (12.0pt): 
(fancyhdr)                Make it at least 14.86447pt, for example:
(fancyhdr)                \setlength{\headheight}{14.86447pt}.
(fancyhdr)                You might also make \topmargin smaller to compensate:

(fancyhdr)                \addtolength{\topmargin}{-2.86447pt}.

\openout5 = `main29.mw'.

[2


] (main29.mw)
\openout5 = `main29.mw'.


No file main.ind.
! Undefined control sequence.
l.101 \latinabstract
                    
The control sequence at the end of the top line
of your error message was never \def'ed. If you have
misspelled it (e.g., `\hobx'), type `I' and the correct
spelling (e.g., `I\hbox'). Otherwise just continue,
and I'll forget about whatever was undefined.

! Undefined control sequence.
l.102 \latinTitlePage
                     
The control sequence at the end of the top line
of your error message was never \def'ed. If you have
misspelled it (e.g., `\hobx'), type `I' and the correct
spelling (e.g., `I\hbox'). Otherwise just continue,
and I'll forget about whatever was undefined.


! LaTeX Error: \begin{itemize} on input line 369 ended by \end{document}.

See the LaTeX manual or LaTeX Companion for explanation.
Type  H <return>  for immediate help.
 ...                                              
                                                  
l.107 \end{document}
                    
Your command was ignored.
Type  I <command> <return>  to replace it with another command,
or  <return>  to continue without it.


enddocument/afterlastpage: lastpage setting LastPage.
(main.aux (tex/chapter1.aux
\openout5 = `main29.mw'.

\openout5 = `main29.mw'.

) (tex/chapter2.aux
\openout5 = `main29.mw'.

\openout5 = `main29.mw'.

\openout5 = `main29.mw'.

\openout5 = `main29.mw'.

\openout5 = `main29.mw'.

\openout5 = `main29.mw'.

\openout5 = `main29.mw'.

\openout5 = `main29.mw'.

\openout5 = `main29.mw'.

\openout5 = `main29.mw'.

\openout5 = `main29.mw'.

\openout5 = `main29.mw'.

) (tex/chapter3.aux
\openout5 = `main29.mw'.

\openout5 = `main29.mw'.

\openout5 = `main29.mw'.

\openout5 = `main29.mw'.

\openout5 = `main29.mw'.

\openout5 = `main29.mw'.

\openout5 = `main29.mw'.

\openout5 = `main29.mw'.

\openout5 = `main29.mw'.

\openout5 = `main29.mw'.

\openout5 = `main29.mw'.

\openout5 = `main29.mw'.

\openout5 = `main29.mw'.

\openout5 = `main29.mw'.

\openout5 = `main29.mw'.

\openout5 = `main29.mw'.

\openout5 = `main29.mw'.

\openout5 = `main29.mw'.

\openout5 = `main29.mw'.

\openout5 = `main29.mw'.

\openout5 = `main29.mw'.

\openout5 = `main29.mw'.

\openout5 = `main29.mw'.

\openout5 = `main29.mw'.

\openout5 = `main29.mw'.

\openout5 = `main29.mw'.

\openout5 = `main29.mw'.

\openout5 = `main29.mw'.

\openout5 = `main29.mw'.

\openout5 = `main29.mw'.

\openout5 = `main29.mw'.

\openout5 = `main29.mw'.

\openout5 = `main29.mw'.

\openout5 = `main29.mw'.

\openout5 = `main29.mw'.

\openout5 = `main29.mw'.

\openout5 = `main29.mw'.

\openout5 = `main29.mw'.

\openout5 = `main29.mw'.

\openout5 = `main29.mw'.

\openout5 = `main29.mw'.

\openout5 = `main29.mw'.

\openout5 = `main29.mw'.

\openout5 = `main29.mw'.

\openout5 = `main29.mw'.

\openout5 = `main29.mw'.

\openout5 = `main29.mw'.

\openout5 = `main29.mw'.

\openout5 = `main29.mw'.

\openout5 = `main29.mw'.

\openout5 = `main29.mw'.

\openout5 = `main29.mw'.

)
(tex/chapter4.aux
\openout5 = `main29.mw'.

\openout5 = `main29.mw'.

\openout5 = `main29.mw'.

\openout5 = `main29.mw'.

\openout5 = `main29.mw'.

\openout5 = `main29.mw'.

\openout5 = `main29.mw'.

\openout5 = `main29.mw'.

\openout5 = `main29.mw'.

\openout5 = `main29.mw'.

\openout5 = `main29.mw'.

\openout5 = `main29.mw'.

\openout5 = `main29.mw'.

\openout5 = `main29.mw'.

\openout5 = `main29.mw'.

\openout5 = `main29.mw'.

\openout5 = `main29.mw'.

\openout5 = `main29.mw'.

\openout5 = `main29.mw'.

\openout5 = `main29.mw'.

\openout5 = `main29.mw'.

\openout5 = `main29.mw'.

\openout5 = `main29.mw'.

\openout5 = `main29.mw'.

\openout5 = `main29.mw'.

\openout5 = `main29.mw'.

\openout5 = `main29.mw'.

\openout5 = `main29.mw'.

\openout5 = `main29.mw'.

\openout5 = `main29.mw'.

\openout5 = `main29.mw'.

\openout5 = `main29.mw'.

\openout5 = `main29.mw'.

\openout5 = `main29.mw'.

\openout5 = `main29.mw'.

\openout5 = `main29.mw'.

\openout5 = `main29.mw'.

\openout5 = `main29.mw'.

\openout5 = `main29.mw'.

\openout5 = `main29.mw'.

\openout5 = `main29.mw'.

\openout5 = `main29.mw'.

)
\openout5 = `main29.mw'.

\openout5 = `main29.mw'.

)
 ***********
LaTeX2e <2023-11-01> patch level 1
L3 programming layer <2024-01-04>
 ***********


LaTeX Font Warning: Some font shapes were not available, defaults substituted.


LaTeX Warning: There were multiply-defined labels.

\openout5 = `main.out'.

Package rerunfilecheck Info: File `main.out' has not changed.
(rerunfilecheck)             Checksum: 1F63CA5BED01C2D5BB01EC1280372FDA;13463.
\openout5 = `main.glo'.

\openout5 = `main.acn'.

\openout5 = `main.glo'.

\openout5 = `main.blo'.

\openout5 = `main.toc'.

 )
(\end occurred inside a group at level 1)

### semi simple group (level 1) entered at line 369 (\begingroup)
### bottom level
(\end occurred when \ifx on line 8 was incomplete) 
Here is how much of TeX's memory you used:
 40626 strings out of 409616
 777206 string characters out of 5773788
 1956191 words of memory out of 5000000
 60739 multiletter control sequences out of 15000+600000
 567542 words of font info for 142 fonts, out of 8000000 for 9000
 1348 hyphenation exceptions out of 8191
 104i,17n,110p,2375b,856s stack positions out of 10000i,1000n,20000p,200000b,200000s

Output written on main.pdf (74 pages).
